customer_id,recency,frequency,monetary
12346,5550,1,77183.60
12347,5227,7,4310.00
12348,5300,4,1797.24
12349,5243,1,1757.55
12350,5535,1,334.40
12352,5261,8,2506.04
12353,5429,1,89.00
12354,5457,1,1079.40
12355,5439,1,459.40
12356,5247,3,2811.43
12357,5258,1,6207.67
12358,5226,2,1168.06
12359,5282,4,6372.58
12360,5277,3,2662.06
12361,5512,1,189.90
12362,5228,10,5226.23
12363,5334,2,552.00
12364,5232,4,1313.10
12365,5516,2,641.38
12367,5229,1,168.90
12370,5276,4,3545.69
12371,5269,2,1887.96
12372,5296,3,1298.04
12373,5536,1,364.60
12374,5250,1,742.93
12375,5235,2,457.50
12377,5540,2,1628.12
12378,5354,1,4008.62
12379,5306,2,852.24
12380,5246,4,2724.81
12381,5229,5,1845.31
12383,5409,5,1850.56
12384,5253,2,585.27
12386,5562,2,401.90
12388,5240,6,2780.66
12390,5304,1,549.84
12391,5246,1,460.89
12393,5297,4,1582.60
12394,5288,2,1272.48
12395,5244,12,3018.63
12397,5260,2,2409.90
12398,5270,1,1635.66
12399,5344,4,1108.65
12401,5528,1,84.30
12402,5548,1,225.60
12403,5274,1,427.70
12405,5373,1,1710.39
12406,5247,2,3415.30
12407,5274,5,1708.12
12408,5257,5,2888.55
12409,5303,3,11072.67
12410,5533,2,693.33
12412,5299,3,1226.88
12413,5291,3,758.10
12414,5442,3,562.41
12415,5249,21,124914.53
12417,5228,9,3649.10
12418,5337,1,668.58
12420,5288,1,600.39
12421,5240,4,807.04
12422,5320,3,803.56
12423,5225,8,1859.31
12424,5387,2,1760.96
12425,5303,1,777.20
12426,5419,1,582.73
12427,5246,3,825.80
12428,5250,9,7956.46
12429,5234,4,3750.40
12430,5268,1,256.40
12431,5260,15,6487.45
12432,5267,5,5059.32
12433,5225,7,13375.87
12434,5309,2,806.14
12435,5304,2,7829.89
12436,5324,1,509.01
12437,5226,18,4951.41
12438,5239,2,2906.85
12441,5591,1,173.55
12442,5228,1,172.06
12444,5246,5,5005.46
12445,5247,1,133.40
12446,5282,1,1002.31
12447,5468,1,476.49
12448,5269,1,449.45
12449,5247,4,4067.29
12450,5381,2,197.88
12451,5235,5,9035.52
12452,5241,2,430.57
12453,5359,1,707.09
12454,5281,1,3528.34
12455,5298,6,2466.86
12456,5269,3,3181.04
12457,5291,7,2363.23
12458,5296,2,947.40
12461,5319,2,826.88
12462,5243,2,1189.59
12463,5278,4,1344.78
12464,5235,8,1212.05
12465,5242,2,742.19
12468,5412,2,729.54
12471,5227,30,19824.05
12472,5257,7,6572.11
12473,5254,5,3938.55
12474,5242,18,7375.79
12475,5278,1,723.38
12476,5240,11,6816.42
12477,5247,6,13219.74
12478,5228,1,680.99
12479,5236,1,527.20
12480,5253,4,3281.63
12481,5247,10,5596.32
12483,5242,8,2484.98
12484,5257,6,4541.72
12488,5234,3,1298.66
12489,5561,1,334.93
12490,5230,10,5417.93
12491,5263,1,460.40
12492,5288,2,263.21
12493,5390,2,433.74
12494,5240,7,1246.10
12497,5306,1,1043.10
12498,5246,3,403.70
12500,5248,11,4257.82
12501,5561,1,2169.39
12502,5320,5,3723.87
12504,5243,2,482.05
12506,5457,1,73.50
12507,5359,3,1304.81
12508,5251,2,398.27
12509,5509,1,176.50
12510,5367,2,982.57
12512,5291,2,138.03
12513,5337,1,612.29
12514,5492,1,1017.68
12515,5578,1,383.70
12516,5302,2,1312.06
12517,5253,5,2502.84
12518,5225,5,2056.89
12519,5288,1,340.84
12520,5304,5,2634.26
12521,5367,1,599.68
12522,5264,2,192.72
12523,5244,11,1789.77
12524,5234,8,4485.72
12526,5225,3,1316.66
12527,5306,3,348.71
12528,5234,6,1933.48
12530,5284,4,1662.28
12531,5239,1,125.22
12532,5255,1,349.83
12534,5355,1,1089.18
12535,5316,2,716.35
12536,5268,3,12601.83
12538,5254,1,363.95
12539,5247,4,5568.35
12540,5244,17,13400.24
12541,5254,3,981.18
12544,5261,1,372.70
12545,5300,2,1000.39
12546,5271,2,1161.50
12547,5422,2,207.80
12548,5391,1,95.20
12550,5304,1,964.83
12551,5582,1,168.00
12552,5263,2,437.82
12553,5233,10,3692.28
12556,5275,2,603.71
12557,5241,5,11990.96
12558,5232,1,269.96
12559,5535,2,561.71
12560,5230,3,2134.01
12561,5527,1,238.85
12562,5233,7,3781.74
12564,5486,1,456.90
12565,5513,1,145.92
12566,5311,1,351.65
12567,5247,10,9401.28
12569,5227,32,4124.69
12571,5264,2,519.61
12572,5233,2,1020.42
12573,5452,1,160.54
12574,5540,1,218.45
12576,5260,5,1315.83
12577,5260,3,657.80
12578,5246,2,2794.51
12579,5303,1,440.42
12580,5471,1,415.70
12581,5264,1,197.71
12582,5463,2,511.36
12583,5227,15,7281.38
12584,5228,9,2338.15
12585,5459,2,2040.10
12586,5242,1,196.94
12587,5232,1,144.00
12588,5264,1,214.90
12589,5253,2,646.68
12590,5436,2,9864.26
12591,5542,1,452.85
12592,5317,2,437.60
12593,5333,3,418.10
12594,5262,10,3338.22
12596,5276,2,618.27
12597,5244,4,3811.22
12598,5234,8,3023.08
12599,5254,7,1032.58
12600,5253,10,2599.04
12601,5414,5,577.06
12602,5283,1,153.12
12603,5246,1,739.20
12604,5304,2,254.18
12607,5285,1,1579.51
12609,5303,3,1126.85
12610,5247,5,2099.54
12611,5277,1,1193.32
12612,5299,1,704.04
12613,5282,5,3344.38
12614,5502,1,315.60
12615,5227,4,2291.19
12616,5320,2,713.30
12617,5254,1,355.53
12618,5246,1,177.31
12619,5241,9,3641.24
12620,5239,3,1339.41
12621,5226,20,13689.67
12622,5457,1,180.10
12623,5501,1,305.10
12624,5331,2,641.13
12625,5436,2,2683.82
12626,5248,9,6620.48
12627,5235,7,4478.53
12628,5229,3,786.46
12630,5234,2,1270.88
12631,5282,1,640.50
12633,5283,4,2163.98
12635,5314,2,1689.18
12637,5292,8,6021.90
12638,5258,1,671.69
12639,5463,1,486.10
12640,5248,3,1174.58
12641,5340,1,185.90
12642,5250,3,1013.26
12643,5353,6,3344.64
12644,5354,1,477.91
12645,5258,4,1775.18
12646,5229,2,1346.97
12647,5247,12,3722.82
12648,5379,1,318.05
12649,5332,3,623.51
12650,5228,1,314.44
12651,5559,1,114.00
12652,5556,1,919.98
12653,5373,2,2209.85
12654,5235,5,601.98
12656,5242,5,4051.17
12657,5236,4,1643.18
12658,5243,1,686.05
12659,5254,1,91.68
12660,5236,1,245.10
12662,5225,11,3849.78
12664,5233,9,4881.88
12665,5549,1,63.00
12667,5283,1,620.13
12668,5236,4,3807.15
12669,5375,3,2744.03
12670,5235,5,2996.05
12672,5554,1,225.90
12673,5230,2,610.52
12674,5263,4,1970.60
12676,5249,6,1331.39
12678,5267,12,17628.46
12679,5283,4,1113.02
12680,5225,4,862.81
12681,5239,22,13787.54
12682,5228,31,12288.22
12683,5229,15,8476.57
12684,5232,7,2283.63
12685,5253,6,2863.08
12686,5596,1,89.14
12688,5338,1,4873.81
12689,5250,2,1247.61
12690,5430,1,389.01
12691,5253,6,1035.80
12693,5352,4,855.91
12694,5295,2,869.67
12695,5232,4,582.10
12697,5253,3,957.59
12700,5232,4,4939.99
12701,5304,2,797.71
12702,5244,1,219.00
12703,5296,1,283.55
12704,5232,8,2340.84
12705,5240,9,6868.29
12707,5516,1,603.42
12708,5254,10,2712.91
12709,5240,15,9736.52
12710,5321,3,1149.02
12712,5253,13,4396.13
12713,5225,1,848.55
12714,5234,5,4708.86
12715,5331,1,353.86
12716,5228,2,1053.49
12717,5376,2,1030.98
12718,5296,1,238.25
12719,5230,2,644.95
12720,5227,25,5781.73
12721,5256,6,2656.13
12722,5310,4,997.63
12723,5228,5,725.07
12724,5230,4,1031.41
12725,5596,1,427.80
12726,5253,7,2609.10
12727,5235,7,3980.70
12728,5296,4,836.33
12729,5338,1,453.01
12731,5248,12,18895.91
12732,5404,1,236.26
12733,5459,1,383.95
12734,5577,1,110.40
12735,5540,2,779.57
12736,5557,1,234.00
12738,5597,1,155.35
12739,5303,2,1013.04
12740,5288,1,427.60
12743,5359,2,546.43
12744,5276,7,21279.29
12747,5227,11,4196.01
12748,5225,209,33719.73
12749,5228,5,4090.88
12750,5353,1,275.88
12752,5306,1,4366.78
12753,5247,6,21429.39
12754,5460,3,3010.74
12755,5505,2,3811.95
12756,5311,1,112.08
12757,5240,13,7857.10
12758,5341,2,2791.59
12759,5277,3,1531.44
12762,5232,2,1898.52
12763,5363,2,494.08
12764,5541,1,1693.88
12766,5228,7,6989.63
12769,5463,1,1143.60
12770,5435,1,1351.45
12772,5284,1,892.47
12775,5242,5,1386.04
12778,5244,6,822.23
12779,5262,8,3981.36
12781,5288,2,826.74
12782,5229,5,2330.92
12783,5227,6,2225.91
12784,5234,2,574.42
12785,5589,1,311.95
12787,5234,3,463.66
12789,5290,1,91.85
12790,5417,1,324.92
12791,5598,1,192.60
12792,5481,1,400.54
12793,5559,2,545.48
12794,5278,2,860.41
12795,5243,1,430.48
12797,5590,1,254.03
12798,5235,3,6977.04
12802,5411,1,427.58
12808,5261,3,483.65
12809,5402,1,489.31
12811,5485,3,514.85
12812,5269,1,229.64
12814,5326,1,125.92
12815,5372,2,1063.46
12816,5320,2,572.20
12817,5506,1,166.04
12818,5486,1,1542.08
12820,5228,4,942.34
12821,5439,1,92.72
12822,5295,2,948.88
12823,5299,5,1759.50
12824,5284,1,397.12
12826,5227,7,1474.72
12827,5230,3,430.15
12828,5227,6,1018.71
12829,5561,2,293.00
12830,5262,6,6814.64
12831,5487,1,215.05
12832,5257,2,383.03
12833,5370,1,417.38
12834,5507,1,312.38
12836,5284,4,2612.86
12837,5398,1,134.10
12838,5258,2,683.13
12839,5227,14,5591.42
12840,5368,4,2726.77
12841,5229,25,4022.35
12842,5295,2,1118.99
12843,5290,8,1702.26
12844,5254,2,325.96
12845,5492,4,354.09
12847,5247,1,871.54
12849,5256,2,1050.89
12851,5321,1,135.18
12852,5519,1,311.55
12853,5359,6,1957.10
12854,5303,3,1324.50
12855,5597,1,38.10
12856,5232,6,2179.93
12857,5435,2,1106.40
12863,5277,1,521.20
12864,5363,1,147.12
12865,5251,2,1568.23
12866,5508,1,559.12
12867,5251,7,4036.82
12868,5410,6,1607.06
12871,5309,2,380.64
12872,5551,2,599.97
12873,5507,1,374.00
12875,5368,2,343.23
12876,5282,2,2218.02
12877,5228,12,1535.77
12878,5461,2,854.99
12879,5269,3,573.22
12881,5500,1,298.00
12882,5234,2,1463.04
12883,5249,4,703.47
12884,5313,1,309.05
12885,5288,3,1175.22
12886,5292,2,1378.40
12888,5439,2,354.12
12890,5249,1,380.47
12891,5410,3,331.00
12893,5255,1,188.14
12895,5267,2,372.80
12897,5429,2,216.50
12901,5233,28,17654.54
12902,5489,1,138.68
12904,5243,2,509.58
12906,5236,5,2919.81
12908,5401,2,750.00
12909,5264,5,2178.67
12910,5248,8,3075.04
12912,5227,5,1662.30
12913,5229,5,2483.63
12915,5373,2,363.65
12916,5363,4,3006.15
12917,5353,1,594.00
12919,5233,6,1335.19
12920,5242,1,164.23
12921,5234,37,16587.09
12922,5386,1,405.38
12923,5289,1,176.97
12924,5313,4,933.70
12925,5229,2,694.05
12928,5260,5,2062.70
12929,5536,1,117.85
12930,5303,2,415.80
12931,5246,15,42055.96
12933,5249,3,607.53
12935,5227,7,2160.70
12936,5242,4,1063.90
12937,5240,4,1504.27
12938,5250,1,114.14
12939,5289,8,11581.80
12940,5279,2,913.54
12942,5356,3,683.90
12944,5260,2,604.51
12945,5513,1,462.95
12947,5368,6,1603.99
12948,5241,7,2064.95
12949,5255,8,4167.22
12950,5227,3,1843.00
12951,5233,6,1064.07
12952,5230,4,1387.79
12953,5234,1,329.85
12955,5226,11,4757.16
12956,5531,1,108.07
12957,5234,8,4017.54
12962,5232,2,266.39
12963,5233,8,1856.63
12965,5314,1,771.91
12966,5234,1,160.18
12967,5583,2,1660.90
12968,5337,1,135.95
12970,5232,4,452.24
12971,5228,86,11189.91
12974,5422,1,144.80
12976,5436,1,738.60
12977,5381,1,39.24
12980,5382,9,7374.90
12981,5254,2,372.22
12982,5467,1,390.54
12984,5243,1,97.50
12985,5225,2,1239.38
12987,5298,2,558.70
12988,5517,1,535.32
12989,5228,15,6924.11
12990,5256,3,409.50
12991,5248,2,503.76
12993,5248,4,414.76
12994,5229,3,974.42
12995,5310,1,211.32
12997,5247,4,1226.89
12999,5421,3,455.88
13000,5331,3,534.85
13001,5229,13,9818.82
13002,5543,1,120.95
13003,5330,3,149.05
13004,5236,18,5655.91
13005,5398,2,513.70
13006,5281,1,81.57
13008,5548,1,229.47
13011,5597,1,50.55
13012,5234,8,1661.84
13013,5226,13,4810.94
13014,5235,10,3466.28
13015,5278,5,3346.28
13016,5298,3,789.89
13017,5232,1,204.00
13018,5241,28,7277.70
13021,5229,9,2616.38
13023,5289,2,689.90
13026,5226,5,975.36
13027,5338,6,6912.00
13028,5247,2,661.32
13029,5255,3,1247.50
13030,5236,2,799.48
13032,5277,2,1010.18
13033,5582,1,190.55
13034,5279,2,642.77
13035,5298,2,921.88
13037,5363,3,881.07
13038,5305,3,908.46
13040,5233,2,676.99
13043,5498,1,516.42
13044,5516,1,560.47
13045,5324,1,305.28
13046,5255,2,629.31
13047,5256,10,3237.54
13048,5239,4,1835.91
13049,5289,2,656.68
13050,5239,17,5836.86
13052,5437,1,348.15
13055,5303,3,1214.41
13058,5249,3,271.40
13059,5474,1,183.40
13060,5478,1,307.53
13061,5297,1,248.61
13062,5416,1,346.98
13064,5237,4,1119.49
13065,5598,1,205.86
13066,5249,2,470.80
13067,5307,1,115.46
13068,5235,2,344.00
13069,5225,24,4436.12
13070,5417,1,228.80
13072,5491,1,177.15
13075,5354,1,919.61
13077,5226,4,729.27
13078,5228,26,12627.94
13079,5229,5,220.10
13080,5404,1,58.08
13081,5236,11,28337.38
13082,5351,9,3613.63
13083,5229,2,303.75
13085,5382,2,416.08
13089,5227,97,58825.83
13090,5233,14,8910.82
13091,5253,1,345.82
13092,5295,5,477.83
13093,5500,8,7832.47
13094,5246,12,1927.32
13095,5295,1,74.40
13097,5257,10,6010.42
13098,5226,28,28882.44
13099,5324,1,207.36
13101,5459,1,101.19
13102,5226,24,6424.09
13103,5264,1,243.94
13104,5228,6,1098.48
13106,5358,1,76.50
13107,5269,4,1531.62
13108,5597,1,350.06
13109,5284,2,786.54
13110,5256,7,1488.67
13113,5225,24,12245.96
13115,5236,4,2294.78
13116,5363,1,501.14
13117,5246,8,984.91
13118,5244,5,1197.81
13120,5463,1,30.60
13121,5494,1,283.73
13122,5319,2,922.39
13124,5314,3,3866.33
13126,5229,8,2099.64
13127,5302,1,259.17
13130,5319,1,64.00
13131,5248,3,1073.30
13132,5486,1,77.30
13133,5498,2,109.80
13134,5310,4,1793.58
13135,5421,1,3096.00
13136,5281,5,2607.61
13137,5235,8,3650.41
13138,5247,6,962.39
13139,5241,7,5064.94
13140,5333,3,423.72
13141,5309,5,2388.75
13142,5244,1,307.09
13144,5557,1,110.95
13145,5264,4,618.52
13146,5251,1,228.91
13147,5235,4,712.80
13148,5254,12,3707.12
13149,5239,4,1676.06
13151,5520,1,1257.87
13153,5230,1,486.22
13155,5258,4,971.76
13157,5274,4,1741.22
13158,5319,4,1201.06
13159,5233,4,1437.85
13160,5247,1,91.80
13161,5538,1,112.75
13162,5347,4,1688.29
13165,5271,2,1021.48
13166,5508,1,417.20
13167,5243,4,791.33
13168,5261,4,1319.19
13169,5288,2,712.88
13170,5251,1,116.01
13171,5246,3,468.41
13173,5229,2,353.65
13174,5241,3,2817.03
13176,5271,1,492.84
13177,5289,1,282.45
13178,5251,11,5725.47
13182,5270,1,121.18
13183,5232,9,3957.78
13184,5239,10,1701.29
13185,5492,1,71.40
13186,5264,3,1575.89
13187,5562,1,236.02
13188,5236,1,114.60
13189,5243,2,260.68
13192,5320,2,911.94
13193,5286,1,117.88
13194,5360,1,60.70
13196,5236,4,1797.78
13198,5235,6,3401.24
13199,5228,38,9817.12
13200,5244,4,870.09
13203,5234,4,869.46
13207,5240,2,250.26
13208,5283,6,1223.90
13209,5255,8,5891.61
13210,5318,1,353.48
13211,5235,3,1197.42
13212,5244,3,788.08
13213,5281,5,1520.58
13216,5492,1,333.74
13217,5347,3,533.98
13218,5352,1,62.64
13220,5303,4,819.29
13221,5465,2,847.41
13223,5425,2,163.20
13224,5285,2,2155.95
13225,5228,7,6463.84
13226,5498,1,108.21
13227,5426,1,257.70
13228,5306,1,358.00
13229,5450,1,160.95
13230,5229,14,2806.97
13232,5237,7,1357.60
13233,5299,2,605.12
13235,5437,1,1031.07
13236,5249,2,744.85
13238,5242,4,700.73
13239,5486,1,329.56
13240,5321,4,663.65
13242,5337,3,270.40
13243,5428,1,600.07
13244,5317,1,121.74
13245,5275,1,430.50
13246,5243,6,1987.30
13247,5242,4,501.12
13248,5349,2,465.68
13249,5317,3,711.41
13253,5381,2,1030.40
13255,5234,2,399.51
13258,5236,3,698.58
13259,5286,1,292.32
13260,5286,1,557.62
13261,5493,2,944.10
13262,5488,1,200.29
13263,5226,35,7454.07
13265,5278,5,2107.66
13266,5236,12,3834.26
13267,5227,19,4521.49
13268,5242,11,3214.69
13269,5226,15,5346.23
13270,5591,1,590.00
13271,5262,1,217.38
13272,5256,2,276.56
13273,5338,1,138.98
13276,5288,2,590.93
13277,5240,4,258.40
13278,5265,1,542.73
13279,5303,1,137.75
13280,5347,3,814.86
13282,5243,3,1132.14
13283,5284,2,93.66
13284,5555,1,201.19
13285,5248,4,2709.12
13291,5380,1,361.11
13292,5263,2,578.94
13294,5414,2,873.74
13295,5584,1,201.20
13296,5362,1,87.40
13297,5232,4,2089.85
13298,5226,1,360.00
13299,5493,1,142.50
13300,5394,1,371.89
13301,5328,4,618.09
13302,5380,1,63.75
13304,5576,1,300.42
13305,5229,10,2000.86
13307,5345,1,15.00
13308,5247,3,1385.51
13309,5232,5,1456.79
13310,5253,3,1132.03
13311,5229,2,598.57
13313,5247,5,1555.32
13314,5226,3,775.94
13316,5262,4,5977.73
13317,5291,6,2273.68
13318,5226,3,640.76
13319,5230,26,10845.55
13320,5303,4,1548.70
13321,5297,2,567.36
13322,5242,1,199.48
13323,5228,5,787.85
13324,5261,10,7121.95
13325,5306,1,675.30
13327,5263,8,3627.77
13328,5541,1,1308.48
13329,5256,2,789.00
13330,5317,3,1140.93
13332,5239,1,350.90
13334,5307,3,3536.82
13336,5302,1,795.12
13338,5382,1,487.02
13339,5425,1,860.12
13340,5270,7,10736.48
13341,5485,1,775.85
13343,5402,1,353.43
13344,5292,3,2543.72
13345,5512,1,389.50
13347,5295,1,341.36
13348,5289,1,233.76
13349,5235,1,247.32
13350,5241,2,979.12
13351,5291,1,373.94
13352,5285,1,397.98
13354,5296,1,743.53
13355,5347,1,674.70
13356,5305,1,768.24
13357,5482,1,609.95
13358,5493,1,439.03
13359,5288,1,439.56
13362,5234,4,3090.74
13363,5242,2,992.50
13364,5296,1,134.96
13365,5258,2,2225.37
13366,5275,1,56.16
13368,5481,2,623.40
13369,5590,1,308.28
13370,5596,1,754.87
13372,5314,1,378.64
13373,5285,3,3312.25
13375,5313,1,778.65
13376,5324,3,1019.76
13379,5251,3,572.56
13381,5256,6,3639.31
13382,5505,1,222.99
13384,5255,7,4151.93
13385,5554,1,534.57
13388,5356,2,677.10
13389,5236,3,797.96
13390,5299,1,544.08
13391,5428,1,59.80
13394,5226,8,2520.02
13395,5410,1,307.72
13396,5254,2,1360.99
13397,5297,5,1544.13
13398,5417,1,457.34
13402,5352,2,621.23
13403,5242,1,75.00
13404,5226,2,252.49
13405,5299,3,572.45
13408,5226,62,28117.04
13410,5249,5,1003.06
13411,5332,1,213.55
13414,5358,3,1390.50
13416,5268,2,712.50
13417,5229,2,640.83
13418,5236,18,6127.43
13419,5288,1,221.06
13420,5374,2,159.85
13421,5265,2,1851.08
13422,5289,1,2626.30
13425,5333,3,1624.21
13426,5225,10,3641.32
13427,5244,3,582.60
13428,5235,1,218.47
13429,5235,4,1006.80
13430,5243,2,679.45
13431,5292,2,1269.10
13434,5299,2,534.24
13435,5230,7,3809.89
13436,5226,1,196.89
13437,5239,7,3408.06
13439,5480,1,283.71
13441,5316,1,296.64
13447,5248,3,1129.14
13448,5241,6,3539.37
13449,5248,1,291.88
13450,5251,6,2043.72
13451,5251,5,2976.15
13452,5484,2,590.00
13453,5390,2,356.98
13455,5249,2,1058.34
13456,5242,6,1766.72
13458,5232,14,9646.57
13460,5254,2,183.44
13461,5263,3,1445.00
13462,5477,1,151.50
13464,5283,1,674.68
13466,5409,1,307.90
13467,5235,2,1083.71
13468,5226,37,5704.97
13470,5324,2,165.00
13471,5226,4,2531.58
13473,5285,2,422.64
13474,5461,1,229.59
13475,5416,4,1431.78
13476,5403,2,1238.47
13477,5262,6,1454.58
13479,5425,2,300.95
13481,5270,5,1804.56
13482,5457,1,184.64
13483,5290,1,140.34
13484,5466,1,313.80
13485,5458,1,454.24
13486,5303,3,1122.41
13487,5282,3,575.40
13488,5242,13,8968.31
13489,5330,4,449.52
13491,5276,10,1215.82
13492,5361,3,1269.84
13493,5500,2,618.63
13494,5536,1,316.26
13495,5232,5,2044.87
13496,5235,2,653.33
13497,5507,2,348.05
13499,5242,5,1159.11
13500,5248,3,1166.77
13501,5513,1,1340.32
13502,5241,3,292.00
13503,5296,1,216.85
13504,5289,1,295.93
13505,5297,4,4393.63
13506,5541,2,458.52
13507,5228,4,2479.16
13508,5468,1,110.97
13509,5233,7,979.72
13510,5226,4,1791.56
13512,5485,1,251.21
13513,5351,1,205.10
13514,5298,1,152.20
13515,5297,4,891.12
13516,5246,3,1389.41
13517,5284,3,2128.42
13518,5310,1,659.44
13519,5303,1,122.75
13520,5283,6,3624.35
13521,5226,3,1093.65
13522,5255,1,125.80
13523,5258,5,3964.88
13524,5265,5,680.18
13525,5239,2,628.78
13527,5258,7,2287.51
13529,5303,2,307.76
13531,5430,2,483.80
13532,5258,1,210.31
13533,5407,3,270.79
13534,5227,25,5870.08
13536,5226,7,3448.29
13538,5268,7,1280.85
13539,5310,3,631.34
13544,5264,2,291.41
13546,5237,3,626.99
13548,5321,2,682.41
13549,5250,7,918.20
13551,5544,1,91.80
13552,5291,12,3740.07
13555,5298,4,4149.28
13557,5253,2,584.06
13558,5230,4,605.06
13560,5232,1,174.37
13561,5440,1,141.86
13562,5306,3,1799.33
13563,5309,2,777.53
13564,5369,3,1749.02
13565,5244,2,240.22
13566,5265,2,874.71
13568,5398,1,192.85
13569,5242,2,373.75
13570,5468,1,239.49
13571,5237,12,2092.32
13572,5430,1,1384.25
13573,5275,2,294.40
13575,5248,5,732.07
13576,5235,18,6717.34
13577,5250,4,1687.60
13579,5239,2,467.04
13581,5534,1,118.00
13583,5380,1,781.03
13584,5531,1,142.40
13587,5288,1,712.40
13588,5240,9,2478.95
13589,5239,2,379.65
13590,5236,6,1981.92
13591,5289,3,1117.13
13592,5260,4,247.96
13593,5333,5,2037.08
13594,5277,1,396.97
13596,5230,2,697.04
13598,5272,1,180.17
13599,5226,21,5153.67
13600,5537,1,219.52
13601,5270,2,693.32
13602,5289,1,428.89
13603,5251,1,164.34
13606,5254,3,280.54
13607,5265,1,678.01
13610,5237,7,1131.88
13611,5314,3,1171.80
13614,5249,4,1610.46
13615,5543,1,417.69
13617,5265,3,544.18
13618,5398,1,177.34
13621,5341,1,213.85
13623,5255,5,747.78
13626,5477,1,257.23
13627,5284,5,1638.47
13629,5248,11,7792.36
13630,5230,7,2031.78
13631,5324,11,3070.42
13632,5249,5,2121.27
13634,5258,5,1575.16
13635,5292,1,1071.03
13636,5261,5,949.12
13637,5277,3,810.50
13638,5240,1,122.64
13639,5299,1,1033.34
13642,5440,1,354.80
13643,5256,3,519.44
13644,5241,4,2624.26
13645,5345,1,252.10
13647,5234,4,1678.12
13649,5481,2,346.60
13650,5241,6,1836.34
13651,5260,2,94.20
13652,5270,3,1095.08
13654,5268,6,2707.33
13655,5339,2,932.97
13656,5389,2,379.65
13657,5235,2,382.14
13658,5234,5,2639.17
13659,5430,2,1573.20
13662,5310,3,897.76
13663,5404,1,189.47
13666,5285,3,84.65
13667,5374,1,305.02
13668,5227,21,6363.59
13669,5275,2,218.55
13670,5300,1,349.70
13672,5526,2,186.39
13673,5243,2,396.92
13675,5376,2,486.82
13678,5376,1,232.60
13680,5226,4,3722.42
13681,5242,4,827.83
13682,5412,1,59.50
13684,5510,1,67.23
13685,5227,7,3119.44
13686,5407,1,72.00
13689,5288,1,910.00
13690,5284,1,172.25
13692,5249,3,1488.32
13694,5228,50,65039.62
13695,5256,15,2504.13
13697,5263,1,151.30
13699,5380,1,308.58
13700,5251,10,2265.12
13703,5543,1,99.50
13704,5230,9,2308.06
13705,5232,3,711.86
13706,5527,1,330.79
13707,5492,2,806.41
13708,5496,1,296.88
13709,5228,13,6328.05
13710,5256,1,180.48
13711,5443,2,252.06
13712,5471,1,228.84
13715,5506,5,1079.34
13716,5494,1,138.28
13717,5257,6,1445.01
13718,5471,2,306.55
13719,5240,5,1041.68
13720,5341,4,799.90
13721,5261,1,524.14
13722,5356,3,2375.41
13723,5442,1,199.85
13725,5274,8,1980.56
13726,5263,2,1079.66
13727,5253,2,333.48
13728,5261,6,1016.14
13730,5360,2,752.60
13731,5444,2,610.59
13732,5253,1,491.86
13735,5249,4,2885.24
13736,5230,2,731.90
13737,5425,1,339.60
13739,5243,1,216.90
13740,5465,1,350.75
13741,5296,3,668.43
13742,5241,12,3131.02
13743,5227,7,1341.60
13744,5320,2,1156.36
13745,5387,1,300.04
13747,5598,1,79.60
13748,5320,5,948.25
13750,5278,5,1647.26
13751,5513,1,296.25
13752,5349,6,1186.28
13753,5512,1,741.26
13754,5376,2,282.60
13755,5228,9,2161.35
13756,5227,14,5189.52
13758,5236,7,3190.55
13759,5258,2,659.41
13760,5279,2,286.79
13761,5275,2,1070.65
13762,5443,1,306.72
13763,5288,1,1714.96
13764,5295,3,1521.76
13767,5227,37,17220.36
13769,5227,10,2796.51
13771,5289,4,2634.45
13772,5258,3,1132.13
13774,5306,1,345.00
13777,5225,33,25977.16
13778,5328,1,178.70
13780,5232,2,360.01
13781,5475,1,127.84
13782,5237,6,912.00
13784,5234,11,2462.79
13786,5592,1,230.40
13787,5300,2,309.04
13790,5229,1,348.80
13791,5352,2,1516.00
13792,5291,2,195.55
13798,5226,57,37153.85
13799,5341,2,688.86
13800,5534,1,558.32
13801,5291,1,324.80
13802,5363,3,4599.42
13803,5480,1,277.07
13804,5255,7,2635.79
13805,5277,2,924.60
13806,5288,1,256.38
13807,5592,1,112.60
13808,5230,5,1747.66
13809,5530,1,155.05
13810,5253,3,1499.01
13811,5408,3,814.50
13812,5267,3,539.00
13813,5264,4,1366.86
13814,5317,2,1579.12
13815,5247,4,4027.36
13816,5248,2,571.67
13817,5254,2,382.98
13819,5526,3,1140.35
13821,5369,2,385.64
13822,5230,2,632.00
13823,5243,2,957.66
13824,5257,5,1698.94
13826,5401,1,189.50
13827,5282,3,412.05
13828,5247,1,209.49
13831,5241,6,2202.99
13832,5244,1,52.20
13833,5384,1,384.80
13835,5250,4,834.57
13837,5436,2,271.24
13838,5230,4,691.73
13841,5477,1,85.00
13842,5283,9,3385.62
13844,5236,1,361.62
13845,5289,1,312.98
13846,5249,3,865.06
13848,5317,3,1255.00
13849,5276,2,1537.95
13850,5354,1,1595.48
13851,5320,3,2651.46
13853,5282,1,1090.14
13854,5233,25,8109.52
13856,5393,3,388.50
13858,5282,1,216.17
13859,5551,1,201.16
13860,5226,5,1245.90
13862,5243,8,2209.36
13863,5472,1,305.78
13865,5283,4,501.56
13866,5299,1,145.67
13867,5256,3,1015.29
13868,5232,2,3192.54
13869,5348,4,3104.95
13870,5227,8,2770.94
13871,5247,13,6403.25
13873,5344,3,389.60
13874,5583,1,540.45
13875,5278,5,1786.79
13876,5288,1,122.70
13877,5311,1,117.24
13878,5279,1,1281.53
13880,5246,13,3219.77
13881,5228,20,17159.52
13882,5227,5,1191.13
13883,5235,5,2674.48
13884,5232,5,787.60
13885,5414,2,506.80
13886,5296,1,243.56
13887,5429,1,349.55
13888,5344,2,605.63
13889,5317,1,416.90
13890,5226,10,1883.81
13892,5251,4,632.97
13893,5522,1,821.10
13894,5248,3,564.62
13895,5253,4,2593.07
13897,5275,1,311.16
13898,5550,1,155.93
13899,5241,2,388.52
13900,5408,3,740.95
13901,5297,5,2867.20
13904,5262,2,332.64
13908,5304,4,2369.55
13911,5282,9,2580.91
13914,5236,2,626.45
13917,5274,2,272.04
13918,5274,2,1212.84
13919,5284,2,384.81
13922,5576,1,172.25
13923,5278,1,351.13
13924,5226,6,1838.85
13925,5317,4,678.25
13926,5248,1,223.85
13927,5299,1,348.99
13928,5235,4,464.57
13929,5394,2,842.65
13930,5282,2,337.34
13931,5320,2,1237.53
13932,5519,1,307.40
13933,5334,2,608.79
13934,5488,1,922.10
13936,5404,1,376.58
13937,5394,1,158.85
13938,5260,1,71.66
13939,5248,3,568.55
13940,5242,4,839.14
13941,5246,5,5112.96
13946,5304,3,561.57
13947,5290,1,90.60
13948,5585,1,102.00
13949,5227,6,2427.32
13950,5236,4,745.06
13951,5401,3,674.45
13952,5442,2,3251.07
13953,5232,7,3515.68
13954,5226,2,439.92
13955,5379,2,322.96
13956,5230,5,1026.42
13959,5304,3,598.20
13960,5246,2,230.22
13962,5246,2,169.55
13963,5533,4,664.54
13967,5370,1,80.70
13969,5232,18,9053.94
13971,5243,8,2758.26
13972,5295,2,190.25
13973,5512,1,264.70
13974,5274,1,413.59
13975,5256,6,2526.28
13976,5431,1,357.98
13978,5239,2,196.79
13979,5298,1,869.87
13980,5285,1,200.14
13982,5264,4,1871.81
13983,5254,12,2603.43
13984,5251,5,920.51
13985,5229,15,7060.13
13986,5242,1,320.46
13988,5244,6,4147.96
13989,5290,2,1266.08
13990,5438,1,311.30
13991,5237,6,855.97
13992,5255,1,76.80
13993,5267,9,3466.36
13994,5228,6,2313.14
13995,5240,5,1393.69
13999,5235,12,3901.81
14000,5436,1,635.66
14001,5270,3,2043.08
14002,5359,2,529.73
14004,5268,7,4582.64
14005,5234,5,2874.72
14006,5340,3,962.19
14009,5423,2,695.61
14012,5502,1,328.80
14013,5335,3,473.02
14014,5302,1,505.18
14015,5277,1,917.34
14016,5386,4,4341.21
14019,5271,3,1421.61
14020,5241,2,642.80
14021,5380,3,631.90
14022,5450,1,440.00
14023,5232,2,584.07
14024,5346,2,327.70
14027,5285,1,104.82
14029,5288,2,467.66
14030,5243,8,2360.09
14031,5232,19,17286.86
14032,5227,11,2975.59
14034,5247,3,651.82
14035,5253,5,1428.02
14036,5509,1,626.65
14037,5401,2,147.20
14038,5303,3,1560.38
14039,5258,1,152.20
14040,5265,12,3614.92
14041,5491,1,141.41
14044,5251,4,652.82
14045,5334,4,1659.75
14046,5509,1,154.99
14047,5233,5,1308.61
14048,5530,1,409.93
14049,5241,4,5681.72
14050,5256,2,746.36
14051,5225,23,15610.39
14052,5244,1,225.36
14053,5349,2,260.25
14054,5290,1,92.46
14055,5331,1,725.64
14056,5226,23,8214.65
14057,5248,17,6217.96
14059,5491,1,183.60
14060,5229,19,6140.42
14062,5234,12,10464.85
14064,5254,5,1353.74
14066,5491,1,152.55
14067,5288,2,374.70
14068,5545,1,265.85
14071,5228,8,1438.82
14073,5257,1,151.04
14075,5229,3,942.26
14076,5354,1,122.47
14077,5265,5,499.42
14078,5326,6,1049.37
14079,5349,1,375.10
14080,5257,1,45.60
14081,5527,2,934.52
14082,5589,1,182.25
14083,5229,9,1018.43
14085,5227,18,4448.54
14087,5227,1,194.42
14088,5235,13,50491.81
14089,5281,1,161.00
14090,5549,1,76.32
14092,5232,14,4076.91
14093,5237,1,442.85
14096,5229,17,65164.79
14098,5261,1,147.35
14099,5241,11,3104.17
14100,5362,1,194.90
14101,5298,6,5976.79
14102,5230,5,1360.28
14104,5379,2,216.21
14105,5464,1,1266.23
14107,5276,7,2703.23
14108,5255,2,597.91
14109,5297,1,144.20
14110,5228,12,5683.15
14111,5239,4,692.85
14112,5247,7,2915.15
14113,5228,4,1840.42
14114,5498,2,386.53
14116,5244,5,1382.74
14117,5368,1,90.00
14121,5228,4,2780.15
14124,5309,1,419.58
14125,5235,3,2740.43
14126,5232,3,706.13
14127,5347,3,709.71
14128,5285,2,637.50
14129,5226,5,1123.86
14130,5544,1,483.86
14132,5227,11,3586.03
14133,5354,3,605.64
14135,5226,15,4690.31
14138,5226,2,982.38
14139,5271,1,415.82
14140,5228,2,935.05
14141,5227,4,915.13
14142,5598,1,311.81
14143,5358,1,115.80
14145,5271,4,3742.20
14146,5233,5,4191.00
14147,5303,2,483.40
14148,5458,1,157.20
14149,5445,1,446.62
14150,5260,2,658.64
14152,5300,2,621.29
14154,5464,2,1345.62
14155,5491,1,118.75
14156,5234,55,117379.63
14157,5244,2,432.88
14158,5265,1,507.66
14159,5244,11,4693.01
14161,5440,3,1110.52
14162,5398,2,289.36
14163,5312,4,2445.91
14164,5295,2,1631.77
14165,5500,1,122.54
14167,5264,4,574.84
14171,5323,1,363.79
14173,5235,4,450.84
14174,5258,1,134.46
14175,5284,3,3222.30
14176,5522,4,576.90
14177,5311,4,559.41
14178,5233,7,1620.93
14179,5265,2,719.78
14180,5235,25,4748.52
14184,5291,1,452.89
14185,5556,1,197.65
14188,5255,6,2054.36
14189,5227,15,4654.08
14191,5226,13,4684.76
14193,5292,2,853.39
14194,5229,21,11349.52
14195,5426,2,1012.00
14196,5331,1,335.52
14198,5243,4,701.40
14199,5443,1,185.40
14201,5285,7,747.44
14204,5227,1,161.03
14205,5241,2,466.70
14206,5464,1,328.16
14208,5319,1,151.74
14209,5235,6,2073.43
14210,5330,6,1905.84
14211,5278,9,2241.10
14212,5314,1,1070.48
14214,5255,5,1004.38
14215,5236,6,1789.72
14216,5228,4,1839.30
14217,5226,17,2004.98
14218,5267,1,169.48
14219,5229,1,89.94
14220,5472,2,632.40
14221,5267,9,3432.80
14222,5402,1,683.17
14223,5317,3,991.13
14224,5335,4,1050.12
14226,5253,5,2232.19
14227,5251,10,3350.96
14229,5276,3,1547.20
14231,5408,3,925.71
14232,5267,5,2048.07
14233,5274,4,1462.72
14234,5247,4,775.46
14235,5300,5,3144.86
14236,5305,2,490.86
14237,5598,1,161.00
14238,5551,1,146.85
14239,5268,11,2380.85
14240,5255,2,890.34
14241,5408,1,213.70
14242,5459,2,280.55
14243,5233,10,2588.77
14245,5444,2,1693.45
14246,5335,3,1474.06
14247,5503,1,136.77
14248,5543,1,302.58
14250,5232,3,1904.05
14251,5226,5,2879.70
14256,5485,2,969.06
14257,5289,5,3099.72
14258,5234,9,12669.98
14259,5366,1,120.00
14261,5275,2,1163.45
14262,5233,8,2618.23
14264,5379,2,333.97
14265,5334,2,530.18
14267,5387,3,1516.24
14270,5556,1,492.65
14271,5450,1,112.32
14272,5298,2,437.96
14273,5276,4,559.97
14276,5323,3,1119.74
14277,5240,3,4216.20
14280,5421,1,134.04
14282,5228,15,3729.34
14284,5255,2,595.25
14285,5246,4,1910.01
14286,5248,3,4628.75
14287,5233,3,176.63
14288,5438,1,426.60
14289,5233,6,911.26
14290,5236,5,2314.65
14291,5226,11,3883.25
14292,5232,9,4871.93
14293,5228,4,1046.56
14295,5265,1,166.20
14297,5242,4,1305.33
14298,5233,44,51527.30
14299,5233,9,3965.62
14300,5243,1,43.20
14301,5342,1,640.14
14304,5447,1,383.45
14305,5296,3,1858.96
14306,5276,2,2093.32
14307,5313,6,2995.72
14309,5233,9,2352.53
14311,5467,1,310.26
14312,5271,6,1611.59
14314,5331,1,120.00
14315,5269,6,2481.13
14317,5289,1,508.58
14320,5431,2,477.79
14321,5235,5,1530.75
14323,5339,2,605.06
14326,5467,1,183.85
14327,5388,1,311.65
14329,5242,7,5014.84
14331,5349,2,462.66
14332,5247,3,866.31
14333,5292,1,415.20
14334,5241,8,2552.21
14335,5241,2,468.26
14336,5241,4,1614.91
14338,5386,2,588.22
14339,5467,1,309.52
14340,5443,1,134.70
14341,5270,8,2182.28
14342,5246,4,668.56
14344,5352,8,889.93
14345,5263,1,108.98
14346,5345,2,1021.58
14348,5485,1,409.57
14349,5235,1,133.50
14350,5499,1,282.93
14351,5389,1,51.00
14352,5382,4,1078.96
14353,5440,1,90.60
14354,5230,2,163.62
14355,5590,1,174.40
14356,5304,2,701.23
14357,5268,1,225.77
14359,5244,3,912.18
14360,5256,4,2128.23
14362,5247,1,161.20
14364,5333,8,3717.35
14367,5233,16,9261.52
14368,5544,1,155.00
14371,5520,1,100.50
14373,5583,1,76.55
14375,5410,1,257.68
14377,5416,2,617.05
14379,5269,2,348.10
14381,5277,1,202.68
14382,5251,1,626.07
14383,5263,3,1247.69
14385,5234,3,202.11
14386,5521,1,142.40
14387,5257,3,1770.56
14388,5235,8,3212.84
14389,5290,2,1043.46
14390,5235,9,4652.82
14393,5443,1,67.95
14395,5227,9,3507.71
14396,5290,2,487.99
14397,5227,19,2612.96
14400,5374,1,574.70
14401,5229,13,4051.48
14403,5355,4,1475.81
14404,5258,6,1474.32
14406,5344,1,156.75
14407,5332,6,2157.73
14408,5235,7,2606.53
14409,5296,6,2059.45
14410,5317,9,1105.07
14411,5535,1,1063.00
14412,5267,2,770.03
14413,5587,1,122.70
14414,5316,7,1496.98
14415,5226,13,5900.28
14416,5247,2,490.22
14418,5228,3,1937.25
14419,5235,6,1058.06
14420,5324,1,387.52
14421,5282,2,813.11
14422,5225,6,4263.64
14423,5443,1,265.20
14424,5242,1,322.08
14426,5248,10,4481.67
14427,5275,2,363.34
14428,5232,5,1244.83
14431,5527,1,470.36
14432,5234,6,2255.51
14434,5246,6,1372.80
14436,5323,1,89.06
14437,5590,1,63.00
14438,5531,1,131.90
14439,5544,1,2661.24
14440,5233,5,2357.68
14441,5225,4,1712.89
14442,5429,2,1589.82
14443,5278,4,1420.20
14446,5225,4,1039.58
14447,5243,5,1163.23
14448,5234,2,375.35
14449,5243,4,907.10
14450,5405,3,483.25
14451,5285,2,662.59
14452,5235,2,264.44
14453,5415,1,119.93
14456,5230,9,3062.40
14457,5535,1,113.64
14459,5380,1,1837.92
14460,5335,3,434.34
14461,5373,3,2103.06
14462,5291,11,2004.02
14463,5323,3,529.62
14465,5471,3,1058.62
14466,5254,7,2272.40
14467,5242,4,598.76
14470,5236,2,461.19
14472,5328,8,1936.84
14473,5299,2,234.34
14474,5271,1,547.66
14475,5296,3,925.85
14476,5482,1,215.70
14477,5244,4,1309.60
14479,5478,2,316.25
14480,5236,1,279.05
14481,5389,2,636.51
14482,5243,6,2068.15
14483,5506,1,137.10
14484,5275,1,321.92
14485,5263,1,165.75
14487,5251,6,1196.33
14488,5292,1,1064.28
14489,5432,1,463.38
14491,5400,2,340.93
14493,5232,5,2383.24
14494,5250,1,139.56
14495,5275,2,123.80
14496,5536,2,538.81
14497,5534,1,475.37
14498,5267,5,1957.32
14499,5251,3,815.32
14500,5313,3,356.85
14501,5408,2,251.21
14502,5244,11,2470.67
14503,5228,6,3543.26
14504,5272,4,673.26
14505,5242,8,5905.64
14506,5242,5,2012.17
14507,5248,6,1383.18
14508,5247,2,276.42
14511,5236,5,1314.81
14512,5412,2,275.28
14513,5325,3,455.59
14514,5286,3,1055.35
14515,5242,6,2102.09
14517,5258,2,330.45
14518,5289,1,174.37
14520,5226,2,270.60
14522,5249,4,974.54
14523,5333,1,241.09
14524,5256,9,1867.68
14525,5244,9,4332.20
14527,5227,55,8508.82
14528,5262,1,364.22
14529,5285,3,620.04
14530,5250,6,2925.91
14532,5461,4,932.85
14533,5249,7,1949.72
14534,5227,18,4447.05
14535,5285,3,2864.19
14536,5484,1,171.80
14537,5282,1,355.56
14538,5289,2,388.25
14539,5240,2,537.48
14540,5234,3,996.26
14541,5283,8,1461.65
14542,5410,1,103.25
14543,5253,16,3630.33
14544,5249,2,2024.45
14546,5230,5,2578.09
14547,5228,8,4007.54
14548,5375,2,652.80
14549,5536,1,289.24
14550,5235,2,765.62
14551,5243,2,186.23
14552,5376,1,165.07
14553,5244,5,859.27
14554,5235,4,2381.04
14555,5282,2,324.14
14557,5310,1,788.38
14560,5232,22,2237.77
14561,5300,3,1080.76
14562,5228,18,5074.77
14565,5320,4,3099.12
14566,5335,1,1432.00
14567,5281,2,1530.36
14569,5226,1,227.39
14570,5505,2,218.06
14572,5228,7,2832.84
14573,5404,9,1653.42
14576,5597,1,35.40
14577,5237,4,859.71
14578,5228,1,168.63
14581,5241,1,138.60
14582,5265,1,114.11
14583,5230,5,1052.55
14584,5394,4,1042.26
14585,5275,1,157.05
14586,5501,1,237.36
14587,5243,9,1601.14
14589,5596,1,39.75
14591,5240,4,1447.14
14592,5260,3,570.46
14593,5246,3,617.99
14594,5232,2,379.83
14595,5244,6,1740.60
14597,5236,2,883.15
14598,5269,1,221.97
14600,5530,1,393.33
14601,5235,1,213.96
14603,5499,1,660.00
14606,5226,93,12156.65
14607,5240,14,16569.50
14608,5229,4,1785.15
14609,5297,4,601.56
14616,5467,3,406.08
14618,5234,3,553.44
14619,5470,1,394.44
14620,5430,2,412.78
14621,5226,5,1788.36
14622,5409,1,320.58
14623,5257,5,889.25
14624,5282,2,225.85
14625,5421,2,899.63
14626,5248,4,2791.27
14628,5316,2,671.96
14629,5229,2,959.01
14631,5275,3,1006.98
14632,5487,1,114.56
14633,5491,1,344.90
14636,5261,2,609.85
14638,5275,1,443.60
14639,5277,6,2984.49
14640,5249,6,2125.08
14641,5246,1,110.46
14642,5283,1,96.12
14643,5395,2,693.81
14644,5292,2,830.76
14645,5381,2,597.09
14646,5226,73,280206.02
14647,5426,1,243.22
14649,5229,4,1417.29
14651,5292,2,654.60
14652,5302,1,114.18
14653,5226,7,1947.55
14655,5233,4,1932.23
14656,5394,2,291.05
14657,5242,4,848.22
14658,5230,2,247.15
14659,5233,9,2529.93
14660,5311,2,285.74
14661,5251,1,107.95
14662,5253,4,771.17
14664,5244,2,637.89
14665,5285,5,1835.70
14666,5249,1,195.25
14667,5235,25,9241.20
14669,5466,3,1269.99
14670,5505,2,411.53
14672,5459,2,765.55
14673,5228,5,1736.40
14675,5241,1,604.75
14676,5256,6,2548.24
14680,5250,16,28754.11
14681,5296,3,498.95
14682,5412,2,52.00
14684,5250,5,1236.28
14687,5331,1,628.38
14688,5232,21,5630.87
14689,5433,1,112.80
14690,5269,2,371.70
14691,5255,5,2114.33
14692,5362,4,591.55
14693,5489,1,172.90
14696,5229,7,2078.95
14697,5443,2,188.61
14698,5226,5,1250.76
14699,5439,1,109.13
14700,5257,3,2235.30
14701,5235,9,2549.37
14702,5226,17,3292.14
14703,5239,1,318.17
14704,5236,9,1546.91
14705,5423,1,179.00
14708,5227,3,1126.37
14709,5240,13,4921.04
14710,5239,4,606.13
14711,5235,11,2868.80
14712,5254,3,917.07
14713,5234,11,2666.36
14714,5249,1,160.19
14715,5249,4,867.38
14716,5268,2,329.68
14719,5226,5,1602.13
14720,5230,3,663.81
14722,5372,1,187.92
14723,5235,6,1158.30
14725,5249,1,718.08
14727,5499,1,268.58
14729,5598,1,313.49
14730,5226,8,2005.06
14731,5272,3,380.02
14732,5233,8,2702.49
14733,5241,12,9585.91
14735,5228,32,6065.69
14737,5228,3,1164.55
14738,5267,7,1314.45
14739,5229,7,3902.28
14740,5422,3,1448.21
14741,5236,6,1400.34
14744,5241,7,1099.98
14745,5337,5,1220.26
14747,5474,1,328.20
14748,5254,5,1415.75
14752,5268,1,389.64
14753,5312,1,563.15
14754,5269,2,638.05
14755,5234,11,5010.28
14756,5240,1,738.96
14757,5300,1,420.50
14758,5369,4,1484.06
14759,5229,3,1625.97
14760,5522,1,89.20
14761,5283,2,255.90
14762,5488,1,300.52
14764,5271,1,278.30
14765,5254,3,254.11
14766,5233,6,2473.37
14768,5242,2,192.60
14769,5227,8,10674.75
14770,5457,2,876.42
14772,5337,1,139.26
14775,5283,3,1011.90
14776,5276,11,2538.30
14778,5352,2,730.86
14779,5505,3,386.15
14780,5279,2,447.68
14782,5544,1,200.10
14784,5251,2,289.99
14785,5235,2,77.40
14788,5232,2,679.44
14789,5253,1,197.64
14790,5241,4,745.06
14792,5288,1,6.20
14793,5246,1,228.99
14794,5227,7,1319.91
14795,5391,1,131.45
14796,5226,17,8022.49
14798,5277,3,173.74
14799,5276,1,157.70
14800,5272,12,4339.74
14801,5286,1,193.14
14803,5387,3,845.55
14804,5233,1,353.27
14805,5240,4,554.65
14806,5300,1,193.39
14808,5264,8,2741.17
14810,5265,11,2087.88
14813,5594,2,155.43
14815,5261,2,778.50
14816,5422,1,271.85
14817,5425,2,1110.34
14818,5298,3,657.80
14819,5289,2,272.07
14820,5246,4,507.29
14821,5591,1,48.80
14823,5405,3,321.43
14824,5235,4,1127.71
14825,5228,12,2226.91
14828,5421,3,2139.76
14829,5254,4,697.55
14830,5278,1,197.13
14834,5242,6,1720.30
14836,5235,3,102.45
14837,5314,4,1649.50
14840,5492,1,62.85
14841,5278,6,3295.76
14842,5268,4,2824.69
14844,5288,4,3189.81
14847,5373,1,309.40
14849,5246,25,7930.54
14850,5536,1,325.75
14851,5248,2,511.35
14852,5283,6,2836.69
14853,5249,2,475.80
14854,5303,7,2759.83
14855,5344,2,645.65
14856,5261,3,1311.38
14857,5284,2,1173.12
14859,5237,4,1353.74
14860,5244,1,170.32
14861,5277,1,125.79
14862,5250,2,841.20
14863,5254,1,266.76
14865,5232,2,52.20
14866,5235,12,14389.90
14867,5410,3,710.28
14868,5228,8,2953.59
14869,5233,2,725.70
14870,5486,1,327.25
14871,5228,4,522.38
14873,5435,1,519.68
14875,5332,2,1465.32
14878,5237,9,1485.54
14880,5302,3,706.19
14881,5244,1,255.40
14882,5251,2,589.70
14883,5243,6,761.59
14885,5356,1,765.32
14886,5477,1,364.80
14887,5304,1,1862.00
14888,5432,1,369.20
14889,5561,1,135.90
14890,5478,1,125.65
14891,5373,2,554.38
14893,5234,2,1237.85
14894,5310,1,655.75
14895,5232,20,11138.71
14896,5429,2,468.77
14897,5232,4,1366.38
14898,5248,6,1303.52
14901,5236,9,1421.29
14902,5250,1,332.66
14903,5246,5,2810.63
14904,5227,2,1025.44
14905,5382,2,616.15
14907,5228,7,3501.10
14908,5299,1,277.80
14910,5227,4,434.35
14911,5226,201,143825.06
14912,5241,2,867.85
14913,5260,4,1227.43
14915,5316,2,307.48
14916,5295,4,1268.98
14918,5340,2,1610.15
14920,5437,2,977.77
14921,5255,2,1316.07
14923,5275,1,749.10
14924,5470,1,310.05
14929,5257,1,223.88
14930,5333,3,2372.86
14931,5229,5,1257.68
14932,5590,1,363.53
14934,5306,2,1890.94
14935,5522,1,1784.71
14936,5258,8,8137.02
14937,5281,3,1621.88
14944,5254,12,5900.25
14946,5239,1,100.90
14947,5297,2,290.82
14948,5248,6,1101.97
14950,5244,1,371.20
14951,5304,1,311.69
14952,5284,11,8099.49
14953,5250,1,289.82
14954,5237,1,336.17
14957,5478,1,58.49
14958,5372,3,499.68
14959,5289,4,695.42
14960,5233,2,221.27
14961,5235,9,7044.68
14962,5495,1,126.70
14963,5234,5,1487.80
14964,5472,1,206.21
14965,5321,2,599.00
14966,5239,1,191.32
14967,5274,1,463.80
14968,5255,1,147.59
14970,5293,4,1592.06
14971,5260,3,1116.57
14972,5353,1,114.77
14973,5332,3,1314.45
14974,5262,1,114.39
14975,5282,1,279.94
14976,5282,7,790.86
14978,5297,5,1931.42
14981,5471,1,102.12
14984,5244,2,213.27
14985,5423,2,296.75
14987,5240,2,326.40
14988,5436,1,334.54
14995,5263,2,233.23
14997,5271,3,546.20
14998,5395,2,429.87
15000,5272,1,490.52
15002,5340,4,1641.76
15004,5372,1,1246.32
15005,5240,28,6316.57
15006,5276,1,502.09
15007,5384,1,156.91
15009,5237,3,1261.78
15010,5260,1,308.94
15012,5278,2,423.04
15014,5268,2,260.17
15016,5397,1,170.04
15017,5258,1,125.58
15018,5263,3,496.21
15019,5491,1,266.00
15021,5233,9,1914.82
15022,5236,4,905.04
15023,5228,11,6802.76
15024,5234,10,1661.33
15025,5258,1,377.01
15026,5305,3,469.00
15027,5255,4,1066.15
15028,5233,4,627.13
15030,5296,2,518.28
15031,5229,4,668.14
15032,5481,3,4959.10
15033,5229,10,2586.67
15034,5240,8,4308.61
15035,5314,1,252.73
15036,5297,3,465.55
15038,5283,6,705.49
15039,5234,47,19914.44
15041,5395,1,180.35
15042,5424,1,135.93
15043,5256,1,537.00
15044,5244,17,7700.23
15045,5376,2,735.66
15046,5234,15,5213.77
15047,5494,1,343.62
15048,5290,4,384.05
15049,5498,1,121.17
15050,5250,3,1782.09
15051,5248,3,1391.61
15052,5544,1,215.78
15053,5229,3,697.79
15054,5237,2,302.10
15057,5500,2,1489.50
15058,5250,11,2124.99
15059,5265,9,1337.72
15060,5233,4,303.09
15061,5228,48,54534.14
15062,5296,4,987.86
15063,5438,1,370.80
15065,5262,4,3158.13
15066,5278,1,893.59
15067,5303,3,1744.76
15068,5271,2,553.36
15069,5404,1,1109.53
15070,5597,1,106.20
15071,5318,2,982.07
15073,5234,3,1043.41
15074,5330,1,748.87
15075,5302,1,773.03
15076,5397,1,880.85
15078,5232,32,9743.11
15079,5437,4,895.61
15081,5247,5,504.80
15083,5481,1,88.20
15087,5506,1,306.94
15088,5246,2,1160.07
15089,5235,6,2420.84
15090,5533,1,381.32
15091,5292,1,480.71
15092,5440,2,457.81
15093,5243,6,4597.02
15095,5328,4,1370.60
15096,5267,1,219.39
15097,5229,1,248.08
15098,5407,3,39916.50
15099,5309,1,410.48
15100,5558,3,876.00
15101,5233,2,317.53
15103,5256,2,703.36
15104,5421,2,1027.44
15105,5243,7,2298.93
15106,5242,5,1422.52
15107,5536,6,319.50
15108,5366,4,1300.25
15109,5470,1,484.95
15110,5248,4,996.10
15111,5254,3,1567.48
15113,5234,3,3609.33
15114,5255,10,2760.56
15115,5243,1,340.11
15116,5242,4,1352.75
15117,5239,5,1551.78
15118,5359,1,244.80
15119,5470,1,266.40
15120,5358,1,358.82
15121,5275,2,457.72
15122,5339,3,1633.78
15123,5232,2,2199.31
15124,5247,2,184.19
15125,5250,15,11528.48
15127,5290,1,406.53
15128,5285,4,1471.00
15129,5275,11,3447.40
15130,5394,1,330.11
15132,5243,5,977.93
15133,5352,3,982.42
15134,5239,8,1387.99
15135,5464,1,139.05
15136,5227,4,1286.70
15139,5464,2,178.96
15140,5277,7,2354.25
15142,5271,1,498.74
15143,5450,1,259.45
15144,5233,17,6580.44
15145,5229,4,1194.73
15146,5389,2,1327.16
15147,5465,1,623.50
15148,5235,1,301.29
15149,5358,1,520.80
15150,5242,10,5314.47
15152,5234,13,4745.69
15153,5256,1,329.25
15154,5300,1,296.42
15156,5226,3,961.49
15157,5228,3,1936.07
15158,5270,1,401.40
15159,5226,30,18641.01
15160,5582,1,158.16
15163,5243,2,304.47
15164,5293,3,843.05
15165,5598,1,487.75
15167,5545,1,163.00
15168,5250,1,106.56
15171,5556,1,1289.50
15172,5233,5,1624.05
15174,5547,1,135.75
15175,5296,1,224.14
15178,5485,1,40.50
15179,5243,5,2206.95
15180,5592,1,87.50
15181,5291,3,689.48
15182,5379,2,622.85
15184,5254,2,406.76
15185,5295,1,310.62
15186,5239,2,411.41
15187,5226,16,4777.18
15189,5226,41,16225.39
15192,5344,3,1044.32
15193,5285,1,499.32
15194,5228,15,7616.53
15195,5227,1,3861.00
15197,5235,3,1079.61
15198,5317,2,193.64
15199,5284,4,1268.70
15201,5312,5,1236.54
15203,5250,6,1827.80
15204,5582,1,316.58
15205,5310,2,653.24
15206,5235,4,420.30
15208,5226,5,870.12
15210,5450,1,331.18
15211,5285,2,894.41
15212,5466,1,101.80
15213,5543,2,328.35
15214,5226,8,1661.44
15215,5271,3,734.94
15216,5312,1,96.60
15218,5235,11,5756.89
15219,5401,1,305.75
15220,5276,6,1778.96
15221,5591,1,403.25
15222,5543,1,585.00
15223,5450,2,755.75
15224,5583,2,322.08
15225,5459,1,409.40
15226,5535,1,154.41
15227,5261,5,1219.40
15228,5291,4,3386.71
15230,5464,2,429.60
15232,5338,2,612.06
15234,5501,1,197.00
15235,5442,12,2247.51
15236,5523,1,321.05
15237,5226,4,1412.32
15238,5254,3,1071.99
15239,5235,2,780.59
15240,5269,5,1706.57
15241,5291,8,1756.44
15243,5299,1,316.68
15244,5290,2,631.57
15245,5359,3,2515.84
15246,5463,2,514.15
15247,5347,1,356.00
15249,5256,13,6688.46
15251,5234,11,10484.99
15252,5261,2,740.78
15253,5241,5,918.20
15254,5352,1,300.36
15255,5291,1,890.85
15256,5373,1,98.45
15257,5508,1,317.15
15258,5393,2,623.16
15260,5325,7,1810.77
15261,5360,1,254.82
15262,5548,1,178.95
15263,5331,1,156.51
15264,5289,1,393.74
15265,5376,2,1506.12
15266,5563,1,119.30
15267,5247,5,1717.36
15269,5248,1,408.80
15270,5240,7,2379.49
15271,5232,15,2507.07
15272,5282,2,721.94
15274,5229,2,716.57
15275,5262,1,615.14
15276,5291,1,135.31
15277,5271,1,255.90
15279,5579,1,290.51
15280,5397,1,113.12
15281,5283,9,2332.15
15286,5274,1,240.55
15287,5247,2,486.69
15288,5268,5,2306.52
15289,5254,3,939.78
15290,5229,18,7943.22
15291,5250,15,4668.30
15292,5426,1,180.94
15296,5275,6,3672.86
15297,5235,3,641.94
15298,5227,12,4799.90
15299,5292,7,4507.01
15300,5289,1,496.44
15301,5275,12,5070.35
15303,5515,1,574.02
15304,5285,8,694.40
15306,5289,3,1174.35
15307,5320,1,205.30
15308,5499,1,310.47
15311,5225,91,60767.90
15312,5300,4,924.85
15313,5335,1,52.00
15314,5424,1,327.97
15315,5289,2,570.50
15316,5551,1,165.00
15318,5228,1,312.62
15319,5508,1,204.50
15320,5269,1,267.13
15321,5295,3,2748.31
15322,5310,1,679.68
15325,5328,1,162.29
15326,5558,1,311.71
15327,5277,1,208.75
15329,5264,3,1049.70
15330,5257,2,714.96
15332,5591,4,1661.06
15333,5433,1,1028.56
15334,5381,3,351.67
15335,5278,1,173.97
15339,5291,2,574.07
15341,5305,1,2020.52
15342,5354,1,406.09
15343,5312,1,364.50
15344,5225,3,563.94
15345,5270,1,393.54
15346,5557,1,252.42
15347,5591,1,201.60
15348,5297,1,158.04
15349,5383,2,473.81
15350,5598,1,115.65
15351,5237,7,1960.11
15353,5479,2,777.02
15355,5254,2,277.05
15356,5256,10,2766.50
15358,5229,22,8347.20
15360,5264,1,427.93
15361,5586,1,418.92
15363,5597,1,326.00
15364,5320,2,913.19
15365,5250,7,2314.32
15366,5300,2,602.51
15367,5282,4,1877.59
15368,5246,1,446.94
15370,5265,7,2386.05
15372,5362,1,2007.40
15373,5233,12,2415.91
15374,5353,1,168.00
15376,5265,3,1233.36
15379,5394,7,3703.29
15380,5233,5,1690.26
15381,5438,2,596.85
15382,5239,6,5955.71
15384,5394,2,642.41
15385,5265,1,316.88
15386,5411,1,394.14
15388,5495,1,140.54
15389,5397,1,500.00
15392,5229,4,1535.53
15393,5241,2,231.86
15394,5234,4,2183.54
15395,5550,1,107.45
15396,5337,1,288.18
15397,5514,1,94.00
15398,5241,2,1345.53
15399,5226,3,815.77
15400,5317,5,716.20
15402,5373,2,626.77
15405,5414,1,349.10
15406,5256,2,510.71
15407,5258,4,1056.44
15408,5489,1,267.18
15410,5309,8,3450.84
15411,5251,4,1358.88
15412,5396,1,190.53
15414,5234,3,774.90
15415,5538,1,572.81
15416,5289,4,3984.32
15417,5310,1,508.80
15419,5249,1,135.86
15421,5283,4,950.36
15422,5548,2,97.70
15423,5263,1,43.50
15424,5479,2,383.34
15426,5244,5,1447.39
15427,5258,3,1483.14
15428,5240,1,93.78
15429,5251,2,397.35
15432,5248,1,171.19
15433,5438,2,533.30
15434,5233,5,1041.48
15435,5247,1,149.29
15436,5237,3,1122.53
15437,5487,1,200.16
15438,5356,1,156.58
15440,5279,3,383.68
15442,5473,1,594.00
15443,5226,7,3236.91
15444,5234,2,1418.26
15445,5489,1,113.50
15447,5555,1,155.17
15448,5537,1,494.64
15449,5251,3,974.52
15450,5255,1,429.84
15452,5254,3,538.73
15453,5226,7,1388.37
15454,5587,1,179.10
15456,5508,3,447.22
15457,5487,1,237.07
15458,5250,1,161.64
15460,5579,1,216.76
15462,5319,3,234.60
15463,5254,1,126.14
15464,5563,1,1048.85
15465,5244,18,7354.62
15466,5310,1,334.53
15467,5234,3,524.88
15468,5276,2,467.51
15469,5275,2,538.55
15471,5227,1,469.48
15472,5338,1,371.56
15473,5239,7,1771.20
15475,5302,1,454.11
15478,5265,2,1441.42
15480,5341,1,905.50
15482,5240,12,11054.96
15483,5386,4,233.81
15484,5226,4,3594.31
15485,5255,3,2575.00
15488,5317,1,91.32
15489,5247,3,1134.28
15491,5320,6,3100.09
15492,5253,2,659.46
15493,5257,5,2001.80
15494,5246,2,1299.23
15497,5242,2,1262.20
15498,5227,27,13316.40
15500,5233,4,1131.56
15502,5240,12,10384.93
15503,5587,1,147.09
15504,5306,1,52.83
15505,5277,5,3610.96
15506,5247,3,979.26
15507,5396,1,492.36
15508,5414,6,1000.27
15510,5555,1,250.00
15511,5236,5,909.23
15512,5380,2,121.00
15513,5258,19,14758.22
15514,5237,11,4139.46
15516,5269,3,62.43
15517,5458,1,267.03
15518,5289,8,1942.45
15520,5226,1,343.50
15521,5265,8,3000.20
15522,5257,2,398.84
15523,5309,1,412.01
15524,5249,1,440.00
15525,5227,3,825.92
15526,5258,2,148.44
15527,5243,8,2429.78
15528,5479,1,229.33
15529,5247,11,3995.23
15530,5246,4,1502.35
15531,5233,2,2007.44
15532,5250,4,1580.93
15533,5244,3,807.57
15535,5398,4,536.40
15537,5388,1,110.92
15539,5232,1,538.46
15540,5236,1,213.30
15541,5339,1,85.13
15543,5513,1,127.86
15544,5234,9,3546.71
15545,5279,2,292.72
15547,5232,14,4954.84
15549,5302,3,1693.26
15550,5229,4,575.63
15551,5261,1,436.06
15552,5442,1,90.12
15553,5285,1,437.23
15554,5502,1,217.20
15555,5237,16,4805.17
15556,5249,1,279.77
15557,5253,1,473.65
15561,5236,4,800.59
15562,5576,1,134.55
15563,5247,4,1400.44
15565,5275,2,173.16
15567,5243,1,186.01
15568,5227,3,758.29
15569,5328,5,1375.71
15570,5232,12,4165.52
15571,5236,4,650.43
15572,5229,7,2552.86
15573,5256,2,607.45
15574,5402,4,702.25
15576,5262,1,940.67
15577,5376,3,258.88
15578,5387,1,127.10
15579,5293,2,348.60
15581,5345,13,3679.97
15582,5249,3,682.91
15584,5248,4,725.11
15585,5401,1,455.30
15587,5275,4,913.68
15589,5480,3,478.53
15592,5271,1,388.58
15593,5295,1,199.80
15594,5240,5,1771.78
15596,5325,5,1406.59
15597,5260,1,324.57
15598,5278,1,240.68
15599,5251,2,761.74
15601,5236,14,6776.56
15602,5233,9,1297.87
15603,5303,1,48.48
15604,5277,1,216.39
15605,5261,5,1198.23
15606,5286,9,2920.16
15607,5561,1,104.76
15608,5253,4,1093.68
15609,5409,1,298.48
15610,5276,1,112.46
15611,5234,13,1591.45
15612,5261,2,195.15
15615,5235,23,10399.74
15618,5257,4,776.85
15619,5235,1,336.40
15620,5281,3,1553.18
15621,5229,4,1293.03
15622,5268,9,3709.56
15623,5366,1,301.03
15624,5341,4,588.13
15625,5328,4,1534.26
15626,5299,2,675.80
15628,5229,9,2870.24
15630,5270,2,1186.35
15632,5240,8,3285.31
15634,5242,1,243.55
15636,5314,2,724.76
15637,5277,1,223.36
15639,5359,1,425.32
15640,5229,15,12515.66
15641,5330,4,1887.20
15643,5416,3,664.00
15644,5391,4,813.00
15645,5243,1,612.01
15646,5382,3,447.64
15648,5429,2,657.35
15649,5561,2,816.00
15651,5261,3,646.30
15652,5316,1,337.74
15653,5317,2,877.44
15654,5234,2,922.53
15655,5468,1,560.67
15656,5270,4,748.50
15657,5247,1,30.00
15658,5415,5,1024.10
15659,5268,1,306.45
15660,5250,9,1600.86
15661,5542,2,309.80
15663,5331,1,138.14
15664,5275,1,386.43
15665,5393,2,2242.01
15667,5264,1,301.32
15668,5442,1,76.32
15669,5265,4,684.34
15670,5521,1,173.05
15671,5243,7,2657.13
15673,5313,4,2881.02
15674,5298,5,2446.60
15675,5306,3,323.69
15676,5243,3,3435.76
15677,5274,1,657.23
15678,5277,1,352.70
15679,5249,4,781.28
15680,5234,3,1333.68
15681,5250,5,1426.16
15683,5342,1,193.75
15687,5233,9,2993.10
15689,5344,2,254.10
15690,5229,2,239.76
15691,5477,1,136.80
15692,5253,1,191.04
15694,5225,14,6479.40
15695,5491,2,409.98
15696,5258,8,2736.46
15699,5242,1,309.65
15700,5397,2,696.68
15701,5227,4,1542.14
15703,5489,1,211.50
15704,5365,4,2293.62
15705,5426,1,143.10
15706,5288,4,1060.56
15707,5260,4,945.58
15708,5265,7,3364.24
15709,5508,1,133.25
15712,5234,5,1072.36
15713,5368,2,356.70
15714,5236,2,330.88
15716,5370,4,1118.81
15717,5459,1,150.30
15719,5257,13,5045.61
15720,5249,1,598.73
15721,5236,1,507.08
15722,5260,5,2222.56
15723,5589,1,203.10
15724,5426,2,218.25
15725,5240,1,415.25
15727,5241,7,5178.96
15729,5437,1,85.00
15730,5290,3,1120.88
15732,5437,2,294.12
15733,5507,1,162.30
15734,5339,2,1339.45
15737,5239,8,1205.12
15738,5243,16,4812.42
15739,5291,1,449.12
15740,5274,1,154.88
15743,5241,4,784.46
15744,5302,1,34.80
15745,5244,4,1094.59
15746,5359,1,196.88
15747,5237,3,974.04
15748,5265,1,149.31
15749,5460,3,44534.30
15750,5227,8,2465.48
15752,5264,7,2637.38
15753,5529,1,79.20
15754,5276,3,458.57
15755,5235,6,2364.25
15756,5286,4,532.96
15757,5290,2,714.42
15758,5249,1,205.25
15759,5443,3,253.04
15762,5290,2,583.75
15763,5256,2,1086.92
15764,5313,6,3279.97
15766,5289,1,315.06
15768,5340,3,621.83
15769,5232,26,56252.72
15773,5230,1,635.68
15774,5293,1,270.80
15775,5470,1,104.90
15776,5358,1,241.62
15777,5466,4,1047.11
15780,5408,3,475.28
15781,5250,3,345.46
15782,5234,3,2614.74
15783,5235,1,246.30
15785,5257,5,2328.97
15786,5271,3,4932.20
15787,5251,3,948.05
15789,5583,1,351.30
15790,5235,1,220.85
15791,5268,2,1612.69
15793,5239,3,965.61
15795,5374,1,610.01
15796,5226,8,2711.56
15797,5338,4,2207.40
15799,5300,3,884.14
15800,5332,2,699.08
15801,5271,3,1063.95
15802,5367,1,451.42
15803,5276,1,415.82
15804,5225,13,4206.39
15805,5248,17,5528.48
15806,5271,3,784.58
15807,5275,3,903.90
15808,5531,4,3734.97
15809,5261,5,515.77
15810,5303,4,1391.98
15811,5247,6,2218.62
15812,5332,5,1801.14
15813,5432,2,1303.91
15814,5241,4,1945.33
15815,5288,5,2100.60
15819,5274,4,1905.45
15820,5544,1,206.98
15821,5269,2,570.96
15822,5228,2,885.47
15823,5597,1,15.00
15825,5397,1,532.94
15826,5281,3,1654.31
15827,5298,14,1836.09
15829,5324,2,636.14
15830,5262,1,576.00
15831,5283,3,801.76
15832,5479,1,836.79
15834,5295,4,2233.75
15835,5269,4,954.09
15836,5275,1,137.37
15837,5289,1,391.98
15838,5236,19,33643.08
15839,5258,3,1048.49
15840,5283,2,355.56
15841,5297,4,1224.06
15843,5528,1,118.95
15844,5271,1,130.74
15845,5242,8,3711.77
15847,5263,2,389.27
15850,5244,2,238.85
15852,5411,2,160.71
15853,5276,1,110.80
15854,5229,12,2974.65
15855,5361,5,712.24
15856,5229,27,16387.57
15857,5243,1,297.00
15858,5240,5,1438.85
15860,5265,8,977.21
15861,5237,8,3165.36
15862,5233,4,832.88
15863,5250,2,68.84
15864,5247,6,1936.32
15865,5265,3,895.13
15866,5326,1,230.53
15867,5230,15,3812.64
15869,5502,2,149.64
15870,5257,1,354.09
15872,5239,2,360.93
15874,5288,7,4405.88
15877,5226,2,493.28
15880,5594,1,343.28
15881,5537,5,501.39
15882,5423,4,516.36
15883,5227,2,396.48
15885,5317,3,379.35
15886,5285,1,181.09
15888,5305,1,168.31
15889,5381,2,446.87
15891,5451,1,524.52
15894,5478,2,263.55
15895,5374,1,179.17
15897,5419,2,222.05
15898,5226,5,1388.88
15899,5593,1,56.25
15900,5248,1,351.11
15901,5241,3,363.88
15903,5234,7,5126.76
15904,5233,1,164.68
15906,5244,7,1567.69
15907,5228,3,967.45
15909,5398,1,191.94
15910,5225,8,1232.18
15912,5403,2,264.62
15916,5241,8,1528.09
15917,5472,1,123.10
15918,5415,2,334.23
15919,5244,2,639.89
15920,5379,4,167.50
15921,5397,1,336.03
15922,5598,1,369.50
15923,5597,1,127.08
15925,5419,1,207.15
15930,5292,1,426.63
15932,5229,8,2495.87
15933,5246,3,1107.46
15935,5464,2,416.86
15937,5289,1,145.35
15938,5337,5,404.58
15939,5314,15,6115.01
15940,5536,1,35.80
15942,5358,1,337.44
15944,5501,1,325.10
15945,5590,1,181.00
15947,5307,1,1708.24
15948,5233,2,955.24
15949,5241,2,364.72
15950,5256,4,1765.51
15951,5233,2,708.22
15952,5258,4,806.57
15953,5240,8,1659.38
15955,5249,14,4416.26
15957,5256,1,428.89
15958,5299,1,104.35
15963,5244,2,470.76
15965,5242,4,845.64
15967,5248,2,418.83
15969,5227,3,666.10
15970,5528,1,314.10
15971,5242,12,4199.85
15973,5591,1,307.82
15974,5264,7,3442.15
15975,5309,1,371.01
15976,5390,2,430.94
15977,5242,2,1054.73
15978,5302,1,1098.78
15980,5313,3,2398.86
15981,5249,8,3408.48
15983,5247,4,1475.02
15984,5227,10,2837.67
15985,5348,2,1142.42
15986,5255,1,168.12
15987,5237,7,1451.28
15988,5244,1,158.03
15990,5269,2,792.11
15992,5228,1,41.99
15993,5233,7,2797.57
15994,5279,1,427.07
15996,5313,6,1060.68
15998,5261,5,3089.97
16000,5227,3,12393.70
16003,5254,5,2735.37
16005,5237,4,615.39
16006,5436,1,101.40
16007,5272,4,1701.94
16008,5248,3,478.78
16009,5247,4,992.71
16010,5470,3,407.50
16011,5233,16,3362.71
16012,5260,3,1415.29
16013,5228,47,37130.60
16014,5262,3,662.38
16015,5228,3,705.39
16016,5228,8,1508.76
16017,5272,1,211.88
16018,5264,2,408.90
16019,5271,9,3786.24
16020,5241,3,851.01
16022,5485,1,628.28
16023,5271,3,719.81
16024,5237,1,251.24
16025,5254,1,439.66
16026,5268,1,236.09
16027,5316,6,934.62
16029,5263,63,81024.84
16030,5534,1,331.24
16031,5317,2,548.94
16033,5230,20,8816.40
16034,5421,3,437.70
16036,5312,2,758.92
16037,5494,3,855.02
16038,5232,3,471.78
16040,5290,3,1313.55
16041,5255,3,3166.40
16042,5247,5,1197.27
16043,5262,4,773.99
16045,5344,4,1340.70
16048,5598,2,256.44
16049,5265,3,1111.79
16050,5398,1,137.90
16052,5279,1,362.06
16053,5257,2,1511.95
16054,5370,1,783.90
16055,5445,1,134.80
16056,5270,1,664.85
16057,5241,7,2263.12
16059,5290,6,1459.86
16062,5234,4,1153.62
16063,5485,1,335.32
16065,5590,1,372.09
16066,5241,5,1521.87
16070,5247,2,852.15
16071,5269,1,326.24
16072,5513,1,584.32
16073,5522,1,122.40
16076,5228,10,2234.73
16078,5508,1,79.20
16079,5241,3,1352.00
16080,5306,2,217.16
16081,5281,5,2806.90
16083,5325,2,1317.62
16084,5524,1,436.18
16085,5248,5,981.51
16086,5284,5,1121.39
16091,5379,2,315.06
16092,5339,3,817.86
16093,5331,1,17.00
16094,5236,4,1078.23
16096,5489,1,320.62
16097,5465,1,185.05
16098,5312,7,2005.63
16099,5275,3,731.90
16101,5295,1,1290.70
16102,5267,3,1842.14
16103,5232,6,1429.64
16104,5286,1,302.36
16105,5473,1,336.96
16106,5290,1,108.38
16107,5242,7,3204.16
16108,5309,1,842.50
16109,5443,2,611.88
16110,5270,3,1337.48
16112,5368,4,195.74
16113,5408,1,161.38
16114,5395,1,135.75
16115,5234,8,1667.97
16116,5436,1,612.78
16117,5414,1,232.21
16119,5233,2,423.36
16120,5284,4,1309.14
16121,5282,2,867.11
16122,5298,4,684.42
16123,5276,1,307.78
16124,5542,1,249.00
16125,5592,1,289.35
16126,5254,4,6287.77
16127,5264,1,656.25
16128,5242,5,1880.22
16131,5276,6,3506.54
16133,5228,33,14589.04
16134,5246,2,618.09
16135,5487,1,517.55
16136,5284,3,709.38
16139,5243,3,635.41
16140,5290,2,725.18
16141,5313,1,620.40
16142,5474,1,535.34
16143,5228,6,2424.94
16144,5471,1,175.20
16145,5233,11,3799.49
16146,5382,3,734.13
16147,5358,1,375.00
16148,5521,1,76.32
16149,5229,2,280.52
16150,5267,5,2053.02
16152,5493,1,1829.04
16153,5274,5,1824.23
16156,5233,9,3122.04
16157,5240,3,656.69
16159,5506,1,348.20
16160,5290,2,1025.44
16161,5226,19,5575.56
16162,5477,1,37.40
16163,5457,2,856.60
16164,5242,3,822.48
16168,5235,27,3787.60
16169,5233,4,1822.97
16170,5275,6,1885.05
16171,5284,1,73.20
16172,5320,5,1140.21
16173,5240,6,1418.32
16174,5351,3,1009.55
16175,5319,4,1037.59
16177,5275,1,331.95
16178,5363,1,197.90
16179,5285,1,215.83
16180,5325,8,10254.18
16181,5298,1,305.54
16182,5297,4,6617.65
16183,5292,1,338.71
16184,5289,6,1158.79
16185,5241,2,529.41
16186,5247,12,4006.94
16187,5256,15,6911.44
16188,5269,4,981.86
16189,5240,2,215.48
16190,5265,1,215.08
16191,5227,13,5180.52
16193,5461,1,314.45
16198,5300,1,400.68
16200,5229,2,1080.62
16201,5228,4,1863.47
16202,5585,1,365.27
16203,5283,4,592.90
16204,5248,1,405.71
16205,5255,4,761.38
16206,5279,4,537.06
16207,5250,1,394.38
16208,5269,2,664.26
16209,5313,5,2262.62
16210,5226,18,21086.30
16211,5313,1,547.02
16212,5244,2,690.34
16213,5303,1,159.00
16214,5395,3,1062.75
16215,5305,1,242.35
16216,5492,1,914.93
16217,5460,2,304.25
16218,5254,7,3084.68
16221,5261,3,864.86
16222,5543,1,846.72
16224,5282,4,1295.30
16225,5269,5,1096.32
16226,5428,3,255.12
16227,5450,1,314.22
16229,5312,2,1010.60
16230,5414,2,542.03
16232,5268,4,990.88
16233,5296,3,536.68
16235,5265,5,867.31
16236,5303,1,432.20
16239,5281,2,414.20
16240,5249,2,3718.80
16241,5234,13,2607.87
16242,5233,7,3603.21
16243,5258,2,409.10
16244,5436,2,1522.75
16245,5248,3,1413.66
16247,5395,1,114.56
16248,5286,1,152.94
16249,5277,5,1800.07
16250,5486,2,389.44
16253,5291,2,3683.86
16255,5241,8,2619.91
16256,5491,1,752.43
16257,5401,1,46.95
16258,5270,5,5203.51
16260,5275,1,1035.45
16261,5242,4,746.83
16265,5234,9,5447.00
16266,5298,7,861.89
16268,5296,2,667.65
16270,5578,1,1141.24
16271,5227,5,1429.24
16272,5341,1,411.70
16274,5598,1,357.95
16275,5421,1,559.87
16276,5401,1,810.60
16278,5325,1,566.38
16279,5246,3,1509.58
16281,5297,1,2062.06
16282,5564,1,168.30
16283,5230,5,1570.81
16284,5256,2,823.97
16287,5394,1,142.50
16292,5346,1,302.25
16293,5246,10,2248.99
16295,5234,4,1328.55
16297,5493,1,301.90
16298,5247,3,598.20
16302,5351,1,233.22
16303,5250,3,5360.63
16305,5363,1,361.22
16306,5438,6,632.27
16308,5262,4,2560.00
16309,5331,2,706.57
16311,5242,2,616.26
16313,5228,2,274.15
16315,5555,1,226.37
16316,5289,8,2938.91
16317,5344,3,1341.65
16318,5260,1,328.15
16319,5442,1,404.40
16320,5397,2,1038.46
16321,5297,5,373.65
16322,5226,2,326.75
16323,5421,1,207.50
16324,5353,3,428.68
16325,5271,3,594.24
16326,5230,14,3110.96
16327,5239,6,3844.22
16330,5242,3,251.91
16332,5253,7,1593.20
16333,5232,22,26626.80
16337,5261,1,151.05
16338,5382,1,214.80
16339,5509,1,109.95
16340,5332,1,549.07
16341,5249,4,1971.87
16342,5300,4,322.41
16343,5241,2,370.48
16344,5383,1,101.10
16345,5269,1,575.41
16347,5236,2,887.65
16348,5257,7,1469.45
16349,5515,1,53.50
16350,5246,4,1116.47
16351,5557,1,153.90
16352,5242,2,494.44
16353,5228,23,6675.71
16354,5288,2,395.80
16356,5422,3,211.77
16357,5258,3,658.88
16358,5226,4,2027.50
16359,5232,9,1750.92
16360,5229,6,3512.53
16361,5234,4,896.66
16362,5257,5,734.77
16363,5278,1,109.36
16364,5236,2,707.04
16365,5242,9,1540.42
16366,5243,1,327.30
16367,5262,2,804.49
16368,5227,2,497.43
16369,5243,3,1553.66
16370,5307,4,1320.56
16372,5258,2,367.93
16374,5291,2,473.03
16376,5233,2,987.01
16377,5492,1,676.20
16378,5472,3,362.95
16379,5229,4,2157.40
16380,5286,1,1780.59
16383,5299,2,668.36
16384,5314,2,584.50
16385,5285,3,555.89
16386,5253,2,317.20
16387,5547,1,94.36
16389,5278,4,1382.07
16392,5494,1,221.19
16393,5227,13,3046.21
16394,5281,5,1555.34
16395,5285,5,1486.90
16398,5379,2,1705.80
16399,5244,2,408.57
16400,5319,1,303.93
16401,5226,12,4098.32
16402,5489,2,299.60
16403,5537,1,177.50
16404,5295,1,443.05
16405,5527,2,167.25
16406,5243,1,163.07
16407,5237,10,2126.93
16409,5261,5,2028.88
16411,5244,2,214.65
16412,5278,1,151.83
16413,5281,1,262.20
16414,5246,2,126.25
16415,5269,1,210.35
16416,5251,3,1051.40
16418,5269,3,675.27
16419,5337,6,972.23
16422,5242,51,34684.40
16423,5249,1,346.12
16424,5416,1,133.56
16425,5527,1,302.70
16426,5227,10,1908.25
16427,5488,2,241.06
16429,5331,1,284.55
16430,5282,1,300.85
16431,5438,3,642.81
16432,5289,1,287.40
16433,5253,1,184.26
16434,5254,7,1522.25
16438,5230,5,798.35
16440,5232,5,3640.67
16441,5292,2,381.20
16442,5226,3,616.79
16444,5271,4,654.67
16445,5258,1,230.51
16446,5225,2,168472.50
16447,5360,1,259.01
16448,5423,1,188.89
16449,5422,2,707.69
16450,5374,1,311.92
16451,5312,1,266.97
16454,5269,2,6.90
16455,5288,7,1841.18
16456,5324,5,2158.37
16457,5443,1,208.36
16458,5227,18,3482.74
16460,5253,3,814.72
16461,5402,1,151.42
16462,5298,3,136.00
16463,5246,4,1422.40
16464,5244,3,1314.68
16466,5258,7,1603.46
16468,5299,1,74.90
16469,5248,4,650.43
16470,5276,4,762.39
16471,5499,1,223.95
16473,5389,3,316.11
16474,5232,7,1871.50
16475,5313,4,544.30
16477,5288,7,2494.46
16478,5250,3,331.00
16479,5235,2,300.83
16480,5300,1,769.29
16482,5240,1,220.62
16483,5417,1,139.35
16484,5398,2,404.30
16485,5302,1,363.65
16488,5258,3,498.80
16491,5271,1,731.50
16493,5304,4,1351.63
16494,5521,1,826.53
16495,5228,3,684.41
16496,5233,3,1599.52
16497,5274,6,2965.69
16498,5386,2,100.97
16499,5585,2,365.45
16500,5229,6,400.86
16503,5331,4,1431.93
16504,5250,1,484.38
16505,5256,1,777.60
16506,5244,2,90.30
16509,5521,1,363.70
16510,5597,1,248.10
16511,5246,3,950.26
16513,5229,4,874.59
16515,5277,5,1627.13
16516,5255,1,101.70
16517,5502,1,162.70
16518,5286,2,484.32
16519,5250,2,215.08
16520,5411,3,1046.57
16523,5226,21,9418.47
16525,5227,26,13027.45
16526,5396,1,290.36
16527,5306,1,228.06
16528,5228,1,244.41
16529,5415,1,455.25
16531,5247,7,1244.59
16532,5242,3,6748.80
16533,5244,3,1095.56
16535,5230,1,593.75
16536,5335,1,548.97
16539,5227,4,1388.81
16542,5278,1,119.62
16545,5389,1,339.30
16546,5515,2,787.15
16549,5235,10,4154.64
16550,5333,5,2298.97
16551,5320,3,922.12
16552,5467,2,379.73
16553,5388,12,5719.82
16554,5267,3,837.10
16555,5260,2,285.89
16556,5291,7,3313.79
16557,5249,2,281.85
16558,5225,20,8338.49
16560,5251,2,841.41
16561,5230,2,511.12
16563,5278,1,1077.74
16565,5589,1,173.70
16566,5240,5,614.66
16567,5419,2,865.60
16569,5228,1,124.20
16570,5240,10,3738.40
16571,5251,3,1421.69
16572,5352,3,1009.60
16573,5309,2,663.61
16574,5296,1,451.44
16581,5407,1,105.84
16582,5338,1,313.62
16583,5598,1,233.45
16584,5305,2,936.08
16586,5473,1,463.95
16587,5457,1,225.15
16589,5296,3,459.24
16591,5293,1,213.50
16592,5229,16,4113.68
16593,5275,3,330.03
16594,5300,1,181.09
16595,5286,1,360.16
16596,5240,2,250.15
16597,5229,1,90.04
16598,5510,1,145.05
16600,5229,6,813.52
16601,5265,1,244.80
16602,5261,1,528.08
16603,5299,2,482.47
16607,5242,14,3347.71
16609,5240,7,5493.46
16610,5444,1,75.66
16611,5411,1,129.49
16612,5257,4,1187.66
16613,5295,1,618.59
16614,5407,1,506.19
16616,5240,2,500.42
16617,5460,1,151.85
16618,5256,5,2647.59
16619,5488,1,226.21
16620,5228,2,178.96
16621,5276,4,813.48
16623,5470,1,129.45
16624,5305,2,810.57
16625,5499,1,333.08
16626,5225,17,4413.10
16627,5304,1,322.80
16628,5254,5,2188.05
16629,5298,2,417.73
16633,5242,6,2883.10
16634,5447,2,217.90
16637,5257,4,1154.47
16638,5247,10,1680.72
16639,5256,3,1257.51
16641,5330,1,231.10
16642,5229,2,688.33
16643,5470,1,487.51
16644,5402,2,833.78
16647,5394,2,214.06
16648,5267,1,290.66
16650,5296,1,518.42
16652,5283,7,6773.97
16653,5241,2,1212.66
16654,5366,4,601.27
16655,5242,6,3794.52
16656,5247,15,8625.80
16657,5234,4,933.62
16658,5593,1,123.24
16659,5414,1,39.12
16660,5241,4,1267.65
16665,5587,1,135.40
16666,5244,1,118.98
16667,5293,2,570.13
16668,5240,6,306.72
16669,5248,3,1374.87
16670,5241,11,4095.90
16671,5253,3,1692.27
16672,5227,20,8134.94
16674,5279,2,319.61
16676,5258,4,1592.12
16678,5227,12,3109.99
16679,5591,1,129.75
16680,5268,1,183.70
16681,5297,6,1770.34
16682,5229,5,1028.00
16684,5229,28,66653.56
16685,5286,2,324.24
16686,5272,7,3062.83
16688,5226,4,1260.86
16689,5300,2,422.60
16690,5297,2,225.58
16692,5481,2,1276.00
16693,5293,2,482.01
16696,5360,4,657.90
16697,5466,1,112.75
16698,5451,2,1998.00
16700,5233,13,5076.55
16701,5233,13,5398.30
16705,5225,20,14034.99
16706,5262,3,531.35
16708,5270,1,656.63
16709,5309,5,3029.87
16710,5244,10,2483.04
16711,5228,5,1651.03
16712,5234,11,3645.43
16713,5243,15,6923.13
16714,5443,3,1161.53
16715,5303,1,301.72
16716,5491,2,901.20
16717,5248,6,3858.38
16718,5594,1,623.75
16719,5239,7,1790.42
16720,5251,1,155.24
16721,5487,1,292.47
16722,5242,13,4730.81
16723,5316,2,589.15
16725,5527,7,781.02
16726,5251,5,1382.02
16727,5589,1,272.82
16728,5271,4,1054.67
16729,5263,21,7239.92
16730,5277,3,743.11
16732,5256,1,603.75
16734,5277,3,650.51
16735,5303,5,2300.56
16737,5278,1,417.60
16738,5522,1,3.75
16739,5401,1,323.00
16742,5271,1,464.90
16743,5254,7,2238.09
16744,5236,7,1304.76
16745,5311,17,7194.30
16746,5229,18,6697.66
16747,5262,2,836.06
16748,5242,5,1515.90
16750,5269,5,623.93
16751,5255,1,1764.72
16752,5597,1,207.50
16753,5283,1,223.92
16754,5597,1,2002.40
16755,5339,3,1496.83
16756,5439,1,239.40
16757,5543,1,106.83
16758,5290,1,369.34
16759,5232,3,789.79
16761,5321,1,316.62
16762,5244,3,1501.38
16763,5423,1,611.85
16764,5228,13,2799.25
16765,5519,1,34.00
16766,5498,2,1145.60
16767,5255,11,5580.60
16768,5272,3,478.09
16769,5485,1,380.39
16770,5282,5,770.10
16771,5258,5,2246.81
16773,5282,1,171.59
16774,5292,4,661.52
16775,5235,11,1695.66
16776,5285,1,388.28
16777,5305,2,226.35
16778,5299,2,245.94
16779,5227,22,10629.72
16780,5325,2,425.19
16781,5597,1,311.25
16782,5235,13,2279.90
16784,5244,1,107.60
16788,5348,2,597.48
16789,5233,1,80.80
16790,5228,6,1545.62
16791,5254,7,1721.78
16792,5507,2,110.38
16793,5282,1,243.84
16794,5226,10,1222.71
16795,5590,1,414.88
16796,5314,1,305.62
16800,5236,1,1201.49
16801,5388,4,1619.73
16803,5290,1,332.30
16804,5248,3,536.99
16805,5398,2,460.59
16806,5328,4,801.49
16807,5367,3,1121.59
16808,5324,2,288.42
16809,5248,5,914.69
16810,5417,1,309.54
16811,5229,2,547.07
16812,5585,1,479.35
16813,5233,10,1692.98
16814,5239,21,6509.10
16816,5328,4,417.06
16817,5227,9,1604.75
16818,5235,11,3349.57
16820,5320,1,497.61
16823,5452,1,358.38
16824,5240,2,460.64
16825,5263,2,775.18
16826,5276,1,341.70
16828,5318,2,128.50
16829,5381,1,197.22
16830,5263,1,325.91
16832,5409,3,199.15
16833,5226,4,1106.53
16834,5452,1,413.46
16835,5353,2,180.85
16836,5264,2,251.87
16837,5256,11,3170.98
16838,5422,2,588.85
16839,5233,34,16594.35
16841,5261,6,1869.82
16842,5325,3,1264.19
16843,5267,16,10196.57
16846,5275,1,214.32
16847,5268,1,193.44
16848,5277,1,281.42
16849,5411,1,124.57
16850,5558,1,332.41
16851,5229,3,342.45
16852,5235,2,144.91
16855,5248,2,328.40
16856,5239,1,35.40
16858,5593,1,375.69
16859,5369,2,747.81
16861,5284,2,173.76
16863,5256,2,502.80
16866,5365,3,207.74
16869,5247,4,825.42
16871,5247,6,2812.34
16872,5302,3,680.02
16873,5229,6,7123.62
16875,5292,5,2095.53
16877,5237,6,853.72
16878,5309,1,13.30
16880,5255,7,1519.08
16881,5291,1,432.00
16882,5291,3,705.12
16883,5412,2,276.73
16884,5262,2,429.84
16885,5240,3,471.51
16887,5260,1,194.88
16889,5419,3,1578.67
16891,5226,5,809.70
16892,5226,5,525.54
16893,5591,1,145.93
16895,5289,1,219.14
16897,5524,2,289.78
16898,5251,3,508.81
16899,5232,6,1281.56
16900,5241,3,887.11
16902,5341,1,1706.88
16903,5254,1,373.24
16904,5229,16,3754.27
16905,5230,7,3102.43
16906,5306,4,579.77
16907,5254,5,981.65
16909,5297,1,379.14
16910,5229,8,1510.06
16912,5253,11,2575.38
16913,5515,1,113.44
16914,5261,1,208.46
16915,5234,6,621.68
16916,5248,2,576.26
16917,5501,1,391.52
16918,5274,6,1068.82
16919,5381,11,2596.45
16921,5286,1,169.79
16923,5237,19,7247.61
16924,5246,3,846.75
16926,5596,1,230.25
16927,5340,3,543.05
16928,5305,17,2847.60
16929,5228,7,1295.39
16930,5251,3,380.55
16931,5230,21,4604.22
16932,5278,1,161.94
16933,5226,2,563.23
16934,5279,2,950.93
16936,5250,1,262.68
16938,5233,4,2736.38
16940,5277,3,3049.88
16942,5237,9,1920.59
16943,5436,3,816.73
16945,5246,19,4345.50
16947,5460,1,406.48
16948,5363,3,435.02
16949,5228,6,1286.27
16950,5281,3,1178.56
16951,5359,3,1277.75
16952,5334,2,167.61
16953,5255,1,20.80
16954,5225,9,2085.08
16955,5409,4,518.67
16956,5242,1,308.74
16957,5464,2,416.64
16959,5312,1,117.35
16960,5263,3,507.05
16961,5341,1,234.17
16963,5412,1,110.55
16965,5451,1,201.19
16966,5233,7,2154.97
16967,5414,1,319.02
16968,5229,2,439.43
16969,5264,3,650.41
16971,5263,1,357.21
16976,5492,1,251.52
16978,5302,1,344.33
16979,5228,6,1852.00
16980,5480,2,1078.96
16982,5285,1,384.06
16983,5237,7,1931.25
16984,5313,2,4481.35
16985,5242,10,5464.12
16986,5254,2,1873.20
16987,5228,7,1625.05
16988,5230,1,126.12
16989,5232,6,1133.25
16990,5443,1,179.00
16992,5235,5,1614.31
16996,5255,6,1456.96
16997,5513,3,702.00
16998,5374,4,295.00
16999,5248,2,484.82
17001,5225,11,3989.57
17002,5310,3,1493.73
17004,5271,2,1412.94
17006,5229,4,781.78
17007,5275,6,889.93
17010,5243,1,195.36
17011,5255,1,270.90
17014,5233,3,586.33
17015,5253,3,1842.56
17017,5227,20,8694.26
17018,5265,2,920.10
17019,5236,4,1272.61
17022,5256,1,71.00
17024,5270,3,95.85
17025,5285,3,357.77
17026,5410,2,154.83
17027,5303,6,890.29
17029,5335,2,716.00
17030,5288,1,146.87
17031,5236,2,380.35
17033,5311,3,1030.14
17034,5241,3,745.52
17035,5470,2,433.53
17037,5312,1,1267.32
17038,5255,1,112.40
17040,5362,1,449.73
17041,5251,3,1081.57
17042,5227,5,1044.38
17043,5257,4,1735.18
17044,5250,1,948.48
17045,5338,3,339.44
17046,5382,1,642.02
17047,5310,3,1100.90
17048,5342,3,925.35
17049,5227,9,5659.98
17050,5321,6,3228.84
17051,5419,1,247.14
17052,5253,1,413.75
17053,5355,1,498.48
17054,5253,5,1356.33
17058,5306,3,1179.89
17059,5254,5,3095.04
17060,5491,1,234.24
17061,5298,11,5232.23
17062,5538,4,538.37
17063,5246,7,1461.14
17064,5283,3,859.35
17068,5237,21,4552.14
17069,5253,9,2709.70
17070,5339,1,312.14
17071,5253,9,2429.03
17073,5242,4,1446.09
17075,5242,4,834.12
17076,5261,3,841.08
17078,5261,2,378.20
17079,5303,1,118.80
17080,5247,2,287.62
17081,5250,2,290.16
17082,5258,2,2003.85
17083,5334,3,1405.78
17084,5260,2,2949.75
17085,5348,5,1566.65
17086,5232,6,2050.08
17088,5253,4,1991.01
17090,5229,7,2043.95
17091,5227,9,3827.76
17092,5275,4,1777.78
17094,5547,1,302.00
17095,5247,3,1324.16
17096,5240,4,1022.13
17097,5227,8,954.42
17100,5243,2,971.74
17101,5235,4,1621.73
17102,5486,1,25.50
17105,5384,2,665.78
17107,5258,6,10815.43
17109,5254,6,885.04
17110,5390,1,163.30
17111,5272,1,248.61
17114,5230,8,808.62
17115,5233,3,837.50
17117,5513,1,116.20
17118,5542,1,157.02
17119,5228,2,606.91
17120,5458,1,307.46
17122,5344,1,138.32
17123,5386,1,345.30
17124,5410,1,298.89
17125,5275,1,259.35
17126,5377,5,1004.75
17128,5559,1,157.09
17131,5230,5,2463.17
17133,5240,7,4892.24
17134,5331,2,425.00
17135,5241,7,1139.73
17138,5500,1,380.50
17139,5240,12,10668.47
17140,5472,1,465.32
17142,5464,1,579.00
17144,5226,2,984.57
17146,5330,3,749.78
17147,5247,4,1714.59
17148,5276,1,124.88
17152,5419,3,1689.50
17153,5249,1,213.78
17154,5300,1,329.34
17155,5242,2,251.70
17157,5232,2,319.00
17158,5257,3,1266.97
17159,5246,3,1538.88
17160,5256,6,3518.03
17162,5253,10,1715.46
17163,5246,2,293.10
17164,5257,7,2467.35
17165,5509,1,158.68
17166,5263,2,206.34
17169,5282,2,835.78
17171,5514,1,224.91
17172,5303,1,317.76
17173,5230,8,3766.60
17174,5442,1,59.90
17175,5269,4,1443.69
17176,5426,1,306.13
17179,5403,3,711.79
17180,5281,4,796.03
17181,5282,2,239.92
17183,5232,6,3347.31
17186,5271,2,144.00
17187,5451,1,203.95
17188,5236,7,2474.23
17189,5331,2,384.40
17190,5283,2,444.74
17191,5253,7,2095.13
17193,5260,7,1699.30
17194,5498,2,262.62
17197,5254,1,1013.01
17198,5248,3,692.22
17201,5278,1,342.63
17203,5260,6,3563.85
17204,5400,4,1564.56
17205,5278,1,384.08
17206,5278,1,204.24
17211,5251,8,2317.22
17212,5478,1,226.85
17213,5265,7,2781.23
17214,5285,6,1069.12
17217,5459,1,113.50
17218,5229,10,1960.72
17219,5256,1,114.23
17220,5249,14,3198.25
17221,5232,2,335.13
17222,5290,1,354.15
17223,5535,2,426.79
17226,5533,1,393.49
17227,5243,6,939.32
17228,5240,8,1906.09
17229,5321,2,318.76
17230,5489,8,3638.41
17231,5237,10,3174.32
17232,5227,2,421.52
17233,5260,1,190.88
17234,5407,1,149.89
17235,5250,2,550.06
17236,5237,6,916.13
17237,5236,2,314.69
17238,5227,17,3744.65
17239,5537,1,382.50
17242,5333,2,1135.04
17243,5226,26,8676.85
17244,5278,1,954.90
17245,5429,1,171.45
17247,5240,1,282.19
17248,5345,1,318.65
17250,5228,2,384.52
17251,5587,1,283.28
17252,5341,2,353.86
17253,5243,1,178.26
17254,5229,2,272.44
17255,5265,2,298.41
17256,5332,2,240.00
17259,5373,2,603.37
17262,5277,5,1253.36
17263,5433,1,63.44
17265,5363,2,562.90
17266,5227,3,310.64
17267,5352,2,317.62
17268,5332,4,763.64
17272,5267,4,2148.63
17274,5260,1,111.98
17277,5452,2,1065.35
17278,5466,1,246.04
17279,5282,1,187.83
17282,5355,3,1703.41
17284,5285,6,1652.58
17286,5246,1,153.92
17287,5251,7,1064.11
17288,5234,7,1419.73
17289,5256,3,944.41
17290,5228,2,525.24
17291,5533,1,550.80
17293,5233,9,1875.11
17295,5253,3,556.95
17297,5242,1,131.78
17298,5326,2,498.42
17299,5236,4,669.11
17301,5246,1,197.63
17302,5239,5,1135.63
17303,5586,1,250.04
17306,5235,19,8631.31
17309,5320,1,82.75
17311,5303,2,1384.85
17312,5363,3,644.30
17313,5256,1,2328.84
17314,5249,8,2527.92
17315,5226,38,6292.26
17317,5271,3,2600.34
17320,5325,3,1200.62
17321,5233,2,700.86
17323,5240,7,921.07
17324,5242,4,990.23
17325,5505,1,96.80
17329,5239,2,523.11
17330,5247,2,363.90
17331,5348,1,175.20
17333,5310,1,494.25
17334,5527,2,307.02
17337,5376,4,2027.87
17338,5242,8,6643.93
17339,5319,2,243.36
17340,5254,11,12353.29
17341,5381,3,781.36
17343,5580,1,193.64
17344,5271,1,160.57
17345,5240,4,537.74
17346,5228,15,2676.56
17347,5311,1,228.96
17348,5239,5,1159.52
17349,5404,1,110.75
17350,5233,4,1286.07
17351,5261,3,587.15
17353,5354,2,1740.00
17354,5275,1,1393.06
17356,5536,1,178.22
17357,5249,2,388.14
17358,5528,2,365.85
17359,5236,1,127.86
17360,5242,3,585.79
17361,5274,3,488.20
17362,5464,2,312.23
17364,5225,11,4481.18
17365,5237,8,4801.56
17367,5463,1,168.40
17368,5248,8,1912.67
17370,5297,4,446.18
17371,5242,3,423.89
17372,5265,8,1342.68
17373,5265,4,646.92
17374,5443,2,495.77
17375,5424,3,400.10
17376,5295,2,203.20
17377,5248,20,4100.92
17379,5236,1,404.66
17381,5233,29,20275.61
17382,5290,1,65.40
17383,5229,1,199.29
17384,5244,2,336.40
17385,5239,1,261.11
17386,5232,6,2686.42
17387,5244,2,784.11
17388,5302,4,1259.56
17389,5225,34,31833.68
17391,5388,2,508.80
17392,5531,2,457.91
17394,5444,1,203.87
17396,5264,8,7330.80
17397,5247,2,696.41
17398,5339,3,653.38
17400,5351,5,2129.96
17402,5229,13,2633.85
17403,5261,1,281.62
17404,5229,15,31906.82
17405,5226,3,1031.41
17406,5558,3,2200.42
17408,5388,1,32.65
17409,5409,2,771.85
17410,5241,5,1214.72
17411,5237,3,778.94
17412,5227,7,1258.06
17414,5268,2,778.00
17415,5304,1,507.84
17416,5254,7,6893.42
17418,5267,2,463.46
17419,5236,12,4226.57
17420,5275,3,598.83
17422,5241,6,1979.37
17423,5271,2,698.41
17425,5244,2,759.17
17426,5233,6,5037.26
17427,5296,1,100.80
17428,5225,28,17256.85
17429,5353,3,524.92
17430,5257,2,265.76
17431,5538,1,403.30
17432,5243,2,365.76
17433,5313,1,303.16
17434,5227,7,2373.82
17436,5226,2,216.30
17438,5478,1,388.45
17440,5381,3,186.42
17442,5261,6,2248.56
17443,5444,1,534.24
17444,5372,3,2940.04
17446,5401,2,120.90
17447,5265,2,541.53
17449,5227,7,2520.86
17450,5233,46,194550.79
17451,5226,7,1721.40
17453,5242,2,486.72
17454,5417,4,517.53
17455,5428,1,131.70
17456,5590,1,249.86
17457,5351,5,1737.70
17458,5240,1,316.50
17459,5268,2,657.30
17460,5319,6,622.43
17461,5247,3,757.46
17462,5285,2,675.69
17463,5241,5,1896.41
17464,5383,1,289.96
17466,5235,2,763.28
17468,5235,2,137.00
17469,5241,5,1870.97
17470,5269,5,1125.07
17472,5416,3,710.29
17475,5304,1,194.37
17480,5302,1,511.82
17481,5228,4,1255.59
17483,5290,3,414.04
17486,5486,1,396.87
17489,5283,2,376.64
17490,5225,7,2092.32
17491,5226,10,3558.87
17492,5473,1,374.57
17495,5232,2,497.56
17496,5583,1,271.05
17498,5300,1,272.22
17499,5514,1,622.88
17500,5242,3,1138.00
17501,5445,2,288.60
17502,5234,4,689.10
17503,5227,2,558.96
17504,5431,9,2997.03
17505,5386,2,1145.84
17506,5300,1,302.20
17507,5486,2,605.58
17508,5505,1,387.31
17509,5282,8,6115.14
17510,5249,1,308.48
17511,5227,31,91062.38
17512,5253,10,2924.99
17513,5297,1,513.20
17514,5353,1,208.65
17515,5256,4,639.02
17516,5240,5,768.08
17517,5533,1,153.94
17519,5242,6,1844.02
17520,5278,1,546.81
17521,5254,3,723.21
17522,5226,5,1070.71
17523,5236,4,652.74
17524,5586,1,145.00
17525,5584,1,422.70
17526,5229,4,1195.90
17527,5278,4,939.37
17528,5226,8,3628.50
17530,5226,10,2385.00
17531,5415,1,296.70
17534,5278,1,223.36
17535,5505,1,164.40
17536,5402,1,76.50
17537,5254,2,897.62
17538,5250,1,98.42
17540,5249,2,578.90
17542,5494,1,170.75
17545,5268,3,645.96
17548,5458,1,103.30
17549,5248,2,148.86
17550,5422,3,267.16
17551,5584,1,306.84
17552,5285,4,930.41
17553,5354,1,1487.60
17554,5226,5,1952.45
17555,5244,2,483.26
17556,5430,1,157.90
17557,5239,3,541.46
17560,5319,4,854.95
17561,5244,1,167.62
17562,5239,7,1122.38
17564,5249,3,454.01
17566,5233,2,901.21
17567,5232,8,4331.48
17569,5557,1,344.14
17571,5275,4,1498.51
17572,5296,4,226.75
17573,5254,3,380.60
17574,5467,1,185.65
17576,5233,19,3622.68
17578,5443,1,143.46
17579,5229,3,448.90
17580,5477,3,215.72
17581,5225,25,11045.04
17582,5461,1,175.27
17584,5232,2,1242.30
17585,5334,4,1133.07
17588,5325,3,1240.20
17589,5285,4,2404.17
17590,5227,3,1479.22
17591,5298,7,2225.97
17593,5228,5,3927.34
17594,5310,2,993.18
17595,5237,2,388.79
17596,5248,7,2827.93
17597,5438,1,2044.37
17600,5242,1,161.67
17601,5464,1,116.01
17602,5227,6,5102.97
17603,5303,1,394.72
17604,5442,2,309.36
17608,5258,2,193.42
17609,5265,5,1112.22
17611,5232,15,3984.22
17612,5278,6,2048.45
17613,5247,14,4559.15
17614,5282,1,390.07
17615,5355,3,329.60
17616,5398,3,571.20
17618,5230,3,971.58
17619,5537,1,218.52
17620,5284,1,81.44
17621,5246,3,1379.90
17623,5257,1,527.05
17624,5239,2,843.48
17625,5243,4,2047.00
17628,5306,1,75.75
17629,5230,8,1814.12
17630,5394,2,503.60
17631,5226,3,528.33
17633,5256,4,1324.84
17634,5261,9,2361.97
17636,5244,1,285.56
17637,5256,2,547.06
17639,5501,1,108.50
17640,5311,1,621.66
17642,5344,2,712.29
17643,5598,1,101.55
17644,5226,11,2895.64
17646,5444,3,1008.39
17647,5290,1,133.06
17648,5285,4,1797.50
17649,5363,1,868.49
17650,5246,1,166.08
17651,5236,10,3945.00
17652,5250,12,4867.72
17653,5261,4,1207.56
17654,5502,1,117.55
17655,5235,7,2638.94
17656,5298,5,1674.69
17658,5250,2,595.42
17659,5242,12,2999.46
17660,5366,1,196.00
17663,5250,7,1802.91
17664,5243,2,604.64
17666,5228,2,728.16
17667,5291,5,2055.51
17668,5226,2,347.75
17669,5267,7,3406.72
17670,5452,1,205.70
17671,5240,4,1572.71
17672,5275,2,3178.17
17673,5226,6,1629.12
17674,5299,2,551.04
17675,5226,31,20374.28
17676,5229,6,1387.68
17677,5226,30,16363.23
17678,5488,1,298.11
17679,5277,2,1992.11
17680,5248,1,184.40
17682,5235,6,2474.33
17684,5268,1,239.41
17685,5241,7,3191.53
17686,5232,7,5739.46
17690,5255,15,4757.95
17691,5583,2,290.40
17692,5352,4,740.94
17693,5362,1,200.47
17694,5366,1,283.12
17695,5356,2,765.34
17696,5263,8,2285.71
17697,5461,1,338.95
17698,5485,1,154.95
17700,5241,4,2534.64
17701,5477,1,417.95
17702,5255,4,1824.37
17703,5260,3,798.74
17704,5393,2,885.19
17705,5228,9,1823.52
17706,5229,17,10504.49
17707,5410,2,152.40
17708,5412,2,267.08
17709,5394,1,137.45
17711,5235,2,385.10
17712,5269,1,522.91
17714,5545,1,153.00
17715,5425,1,326.40
17716,5247,11,5655.99
17718,5457,1,139.35
17719,5262,15,5396.04
17720,5251,4,1195.94
17722,5321,4,2424.04
17723,5352,6,3276.40
17724,5296,3,1033.00
17725,5241,11,3439.08
17727,5240,1,1060.25
17728,5228,3,2876.01
17730,5228,13,5298.48
17731,5304,4,1240.11
17732,5597,1,303.97
17733,5263,2,692.19
17734,5278,3,700.63
17735,5227,19,13110.02
17736,5234,3,377.44
17737,5234,2,168.24
17738,5244,4,1879.05
17739,5236,7,2791.35
17742,5338,2,355.11
17744,5228,6,2322.40
17746,5465,1,110.25
17747,5337,1,71.40
17749,5403,2,674.52
17750,5230,9,1797.57
17752,5584,1,80.64
17754,5225,5,1772.26
17757,5226,30,5605.29
17758,5244,8,3456.70
17759,5242,3,834.99
17760,5246,2,287.59
17761,5257,1,712.78
17763,5488,1,15.00
17764,5275,2,818.82
17765,5383,3,371.88
17767,5240,1,271.20
17768,5233,3,2273.18
17769,5237,10,3997.98
17770,5423,5,1143.27
17771,5281,2,245.81
17772,5235,2,182.77
17774,5321,4,1225.41
17775,5479,1,56.40
17777,5249,3,665.86
17779,5246,3,658.57
17781,5384,2,188.02
17783,5297,2,283.47
17785,5278,1,131.94
17786,5310,2,278.74
17787,5377,4,1865.19
17788,5298,2,1117.90
17789,5506,1,225.90
17790,5251,14,1965.55
17791,5254,1,106.10
17793,5250,1,323.04
17795,5404,2,350.39
17796,5265,4,697.90
17797,5247,3,780.43
17799,5247,10,3055.93
17800,5262,9,1199.01
17802,5307,3,1285.04
17805,5298,1,512.31
17806,5236,1,546.04
17809,5241,12,5411.91
17811,5229,39,7837.73
17812,5237,4,732.16
17813,5239,5,1770.88
17816,5261,4,36.56
17817,5229,3,387.68
17819,5296,7,3704.87
17824,5276,1,298.40
17827,5230,5,1995.46
17828,5247,4,1820.09
17829,5523,1,889.24
17830,5226,3,398.70
17831,5258,1,35.40
17832,5274,1,155.37
17835,5227,3,350.64
17836,5272,1,110.21
17837,5267,8,1593.38
17838,5251,5,2779.30
17839,5267,1,338.80
17841,5226,124,40991.57
17843,5528,1,205.48
17844,5331,1,51.56
17846,5310,1,2033.10
17848,5306,9,901.20
17849,5443,4,605.80
17850,5597,34,5391.21
17852,5236,2,114.34
17854,5410,2,311.26
17855,5597,1,208.97
17856,5226,4,1418.03
17857,5229,23,26879.04
17858,5230,12,5155.66
17859,5529,1,148.21
17860,5593,1,252.80
17861,5228,8,2100.80
17862,5548,1,330.90
17863,5284,6,3160.00
17864,5237,3,597.50
17865,5255,20,10526.32
17866,5367,1,329.65
17867,5255,6,1197.10
17869,5332,5,428.18
17870,5227,12,1894.35
17871,5429,1,155.90
17873,5305,5,1859.16
17874,5410,6,683.46
17877,5395,1,237.61
17878,5268,1,379.45
17879,5398,1,178.52
17880,5589,1,458.92
17881,5529,1,133.35
17883,5228,4,671.77
17884,5228,4,717.45
17885,5237,1,190.19
17886,5256,3,899.61
17887,5354,1,111.35
17888,5246,8,726.05
17889,5437,2,203.87
17890,5547,2,602.09
17891,5387,1,203.86
17892,5281,3,244.10
17893,5450,1,112.25
17894,5296,8,1119.81
17895,5269,1,98.00
17896,5248,1,256.32
17897,5397,3,566.60
17898,5310,2,152.06
17899,5384,1,155.80
17900,5415,2,112.20
17901,5254,1,110.38
17904,5246,1,191.67
17905,5296,4,800.24
17906,5472,1,72.90
17908,5598,1,243.28
17911,5234,1,366.23
17912,5535,5,311.01
17913,5283,2,411.60
17914,5228,1,336.43
17917,5270,3,341.28
17919,5313,1,1304.04
17920,5229,17,4204.10
17921,5289,4,826.52
17923,5507,1,207.50
17924,5236,7,2962.50
17925,5597,1,244.08
17926,5358,2,397.29
17928,5270,2,212.54
17929,5236,4,843.00
17930,5260,5,1740.48
17931,5359,2,408.36
17932,5254,3,1331.57
17934,5276,2,704.25
17935,5363,2,145.79
17936,5230,1,389.84
17937,5233,7,4301.22
17939,5384,1,99.14
17940,5274,10,4106.44
17941,5355,1,304.56
17942,5232,1,77.50
17946,5458,2,149.58
17947,5262,1,176.68
17948,5372,1,358.56
17949,5226,45,58510.48
17950,5297,3,482.20
17951,5264,3,1008.54
17954,5230,12,2332.72
17955,5423,4,557.30
17956,5474,1,12.75
17957,5291,1,111.68
17958,5341,1,508.46
17960,5396,1,73.78
17961,5246,39,1296.44
17962,5367,1,102.83
17964,5256,2,471.70
17965,5262,14,2622.57
17966,5262,5,1098.43
17967,5596,1,123.07
17968,5598,1,277.35
17969,5391,2,228.20
17970,5436,1,582.59
17972,5466,1,136.04
17973,5276,1,337.04
17974,5249,3,740.79
17975,5240,13,4488.81
17976,5597,1,353.19
17977,5254,1,288.14
17978,5590,1,300.92
17979,5260,4,757.71
17980,5390,3,811.45
17984,5370,1,152.68
17985,5247,1,634.95
17986,5281,1,20.80
17987,5410,1,198.57
17988,5236,7,201.12
17990,5461,3,630.84
17991,5450,2,93.35
17994,5346,4,678.49
17995,5506,1,76.10
17997,5299,8,1970.67
17999,5262,2,382.06
18001,5237,2,417.23
18004,5587,1,169.47
18005,5228,2,249.72
18006,5248,1,444.68
18008,5295,9,2116.19
18009,5460,1,257.34
18010,5481,1,174.80
18011,5598,1,102.79
18013,5380,2,187.29
18014,5253,1,166.42
18015,5229,1,120.03
18016,5257,5,1483.56
18017,5306,3,523.00
18018,5333,2,122.14
18019,5276,1,38.45
18022,5260,1,668.11
18024,5377,2,389.78
18027,5323,1,115.31
18030,5229,2,230.65
18032,5559,1,73.50
18033,5290,1,97.97
18034,5246,2,422.88
18035,5260,3,730.40
18036,5257,3,405.62
18037,5379,6,70.02
18040,5244,2,357.20
18041,5236,21,4183.39
18042,5278,1,165.05
18043,5249,3,559.51
18044,5229,10,2088.60
18045,5270,1,189.40
18048,5428,2,172.29
18050,5584,1,74.40
18053,5295,1,300.02
18055,5232,10,6784.19
18056,5513,1,363.65
18058,5234,1,170.16
18059,5248,3,306.46
18061,5246,10,2119.41
18062,5398,3,720.52
18064,5358,2,814.00
18065,5230,14,2392.83
18066,5300,1,318.00
18067,5265,1,396.33
18068,5514,1,101.70
18069,5251,5,2036.67
18071,5482,2,453.00
18072,5410,1,247.44
18073,5339,12,3877.52
18074,5598,1,489.60
18075,5248,10,2611.75
18077,5233,11,2633.01
18078,5442,2,336.13
18079,5270,4,3651.97
18080,5243,2,1231.50
18081,5261,3,343.45
18082,5250,1,703.37
18084,5241,1,90.48
18085,5555,2,689.95
18086,5499,1,101.34
18087,5323,2,4055.72
18088,5286,1,167.67
18092,5227,11,9068.26
18093,5318,4,2106.52
18094,5306,7,3017.30
18095,5537,2,580.05
18096,5236,3,911.15
18097,5232,6,2697.80
18099,5352,1,168.31
18101,5236,2,223.65
18102,5225,60,259657.30
18104,5262,1,754.64
18105,5262,1,113.48
18106,5554,1,430.70
18108,5479,1,271.00
18109,5226,26,8052.97
18110,5244,1,236.30
18112,5237,2,352.69
18113,5593,1,76.32
18114,5515,1,220.10
18116,5292,8,1418.03
18117,5250,1,320.72
18118,5235,26,5653.82
18119,5592,1,181.12
18120,5439,1,111.15
18121,5374,2,673.10
18122,5233,6,1826.21
18123,5249,2,589.44
18125,5254,4,1142.99
18126,5285,1,206.83
18127,5244,3,348.73
18129,5468,1,112.55
18130,5240,3,1059.39
18133,5437,1,931.50
18135,5254,5,681.91
18136,5288,3,784.33
18138,5520,1,152.65
18139,5242,6,8438.34
18142,5382,2,1019.52
18143,5341,2,1000.16
18144,5232,12,2888.75
18145,5237,4,2861.55
18146,5365,2,160.35
18147,5270,2,179.34
18149,5275,3,612.08
18150,5257,3,566.58
18151,5359,2,653.35
18154,5228,2,399.19
18155,5300,3,371.62
18156,5237,2,734.94
18158,5234,2,453.40
18159,5526,1,530.15
18160,5282,2,638.06
18161,5240,5,1618.69
18164,5262,1,399.65
18165,5402,1,302.46
18167,5248,3,1384.86
18168,5401,6,1169.94
18169,5285,1,202.65
18170,5258,3,980.31
18171,5283,5,1231.31
18172,5239,20,7561.68
18173,5311,4,2106.84
18174,5232,1,104.00
18176,5583,1,476.35
18177,5256,6,1341.42
18178,5353,4,1590.81
18179,5234,6,1793.17
18180,5229,6,1843.75
18181,5249,1,382.80
18183,5452,2,632.07
18184,5240,1,49.80
18185,5474,1,304.25
18188,5240,3,2001.04
18189,5302,2,1090.24
18190,5417,2,284.46
18191,5486,1,207.80
18192,5296,1,957.97
18193,5390,1,243.76
18194,5307,1,973.84
18196,5320,2,689.13
18198,5229,17,5425.56
18200,5331,1,163.80
18202,5424,3,1396.99
18203,5382,1,160.42
18204,5296,3,1993.70
18205,5261,2,517.36
18209,5253,1,139.10
18210,5226,6,2621.38
18211,5250,5,600.07
18212,5551,1,248.42
18213,5461,1,232.48
18215,5314,1,299.34
18216,5256,1,481.75
18217,5254,2,621.75
18218,5436,2,662.08
18219,5227,10,2069.77
18220,5451,1,305.28
18221,5247,5,1041.61
18222,5317,1,443.00
18223,5229,14,6484.54
18224,5488,1,158.95
18225,5228,12,5509.12
18226,5269,11,5228.05
18227,5442,1,93.75
18228,5281,2,779.90
18229,5236,20,7276.90
18230,5234,7,2810.20
18231,5417,5,2083.27
18232,5306,4,592.97
18233,5550,1,440.00
18235,5296,3,1796.48
18236,5254,6,882.24
18237,5227,5,987.10
18239,5443,5,1561.61
18240,5271,1,422.58
18241,5234,17,2073.09
18242,5297,4,2232.49
18245,5232,7,2567.06
18246,5248,2,596.10
18248,5347,2,804.02
18249,5242,1,95.34
18250,5535,1,349.27
18251,5312,1,4314.72
18252,5275,2,526.67
18255,5314,1,103.30
18257,5264,8,2337.63
18259,5249,3,2338.60
18260,5397,6,2643.20
18261,5268,2,324.24
18262,5365,1,149.48
18263,5250,3,1213.16
18265,5297,2,801.51
18268,5359,1,25.50
18269,5591,1,168.60
18270,5263,2,283.15
18272,5227,6,3078.58
18273,5227,3,204.00
18274,5255,1,175.92
18276,5268,1,335.86
18277,5283,1,110.38
18278,5298,1,173.90
18280,5502,1,180.60
18281,5405,1,80.82
18282,5232,2,178.05
18283,5228,16,2094.88
18287,5267,3,1837.28
